CodOriginal;Produto;Tipo;SubTipo;Fornecedor;IPI;ICMS;Prç_Entrada;Prç_Venda;Quantidade
3101 - 311050;BROCA 10,50MM DIN 338N HSS;BROCA;FURAÇÃO;INDAÇO;8;;22,61;69,63;3
3681081;CHAVE TORX 10 - 12749726200;CHAVE;COMPONENTES;GMF;8;;15,97;58,45;1
T15000;CHAVE TORX 15;CHAVE;COMPONENTES;HEINZ TOOLS;8;;4;11,4;17
T20000;CHAVE TORX 20;CHAVE;COMPONENTES;MR RUBÃO;8;;2,5;11,4;10
T60000;CHAVE TORX 6;CHAVE;COMPONENTES;SUPORTES BRASIL;8;;3,8;11,4;9
T70000;CHAVE TORX 7;CHAVE;COMPONENTES;GMF;8;;3,8;11,4;15
T90000;CHAVE TORX 9;CHAVE;COMPONENTES;HEINZ TOOLS;8;;4;11,4;10
2559805;CNMA120412 HK1500;INSERTO;TORNEAMENTO;KENNAMETAL;8;;13,44;49,19;9
1915;PINCA DMC08 3,00MM  (KOJEX);PARTES E ACESSORIOS PARA MAQUINAS;FIXAÇÃO;BASFIX/ BTFIXO;0;;182,71;562,74;1
1793;PORTA PINCA BT 40 X DMC 06 *** USADO *** (L=90MM) (L1=45MM)-30.000RPM (KOJEX);PARTES E ACESSORIOS PARA MAQUINAS;FIXAÇÃO;BASFIX/ BTFIXO;0;;513,74;1582,31;1
3851013;TDM1928UPM WU25PD INSERTO TDM1 D=19,28;INSERTO;FURAÇÃO;KENNAMETAL;8;;228,24;835,36;2
3849113;TDM1680UPM WU25PD INSERTO TDM1 D=16.80;INSERTO;FURAÇÃO;KENNAMETAL;8;;204,56;748,69;1
152;FRESA ESFERICA 55HRC 2C D=1X4X50X2;FRESA DE TOPO;FRESAMENTO;HEINZ TOOLS;8;;23,65;76,63;4
18146;F-C.G.P. 170.38.820 (CJTO GRAMPO PARAFUSO);FIXAÇÃO;COMPONENTES;SUPORTES BRASIL;0;;34;102;6
5540401;FRESA RETA 55HRC 4C D=4X15X75 H4;FRESA DE TOPO;FRESAMENTO;BASFIX/ BTFIXO;8;;36,94;113,8;1
TNMG160412-GR;TNMG160412-GR WS8125;PARTES E ACESSORIOS PARA PORTA FERRAMENTAS;TORNEAMENTO;SUPORTES BRASIL;0;;14;42;10
SPMG05;SPMG050204-DG WS5231;PARTES E ACESSORIOS PARA PORTA FERRAMENTAS;TORNEAMENTO;SUPORTES BRASIL;0;;18;54;4
30050;M200D50Z04F22 D=50 Z=4 RNPJ12;SUPORTE;FRESAMENTO;GCTOOLS;0;;100;960;13
6143;SUPORTE HNMU09 D=80 Z6 L50 FC27 45° (M1200);SUPORTE;TORNEAMENTO;GCTOOLS;0;;485;1455;1
PTM4X10;PARAFUSO TORX M4 X 10;PARAFUSO;COMPONENTES;HEINZ TOOLS;10;;1,5;6;34
1163;PINO FIXACAO BT 40 - 45G - SEM REFRIGERACAO INTERNA;PARTES E ACESSORIOS PARA MAQUINAS;FIXAÇÃO;BASFIX/ BTFIXO;0;;18,45;56,82;8
4172623;TNMP160408 WS25PT;INSERTO;TORNEAMENTO;KENNAMETAL;8;;17,39;63,65;4
1918;PINCA DMC08 8,00MM (KOJEX);PARTES E ACESSORIOS PARA MAQUINAS;FIXAÇÃO;BASFIX/ BTFIXO;0;;191,81;590,77;1
1917;PINCA DMC08 6,00MM (KOJEX);PARTES E ACESSORIOS PARA MAQUINAS;FIXAÇÃO;BASFIX/ BTFIXO;0;;191,81;590,77;1
333125;BROCA DE CENTRO - DIN 333A - 1,25X3,15MM;BROCA;FURAÇÃO;GMF;8;;5,32;17,5;2
3101 - 310250;BROCA 2,50MM DIN 338N HSS;BROCA;FURAÇÃO;GMF;8;;1,92;10,93;1
3850907;TDM085R5SCF12M WG;SUPORTE;FURAÇÃO;KENNAMETAL;0;;494,18;1482,54;1
20929;MTJNL 2020 K16 - EXT ESQ TNMG1604;SUPORTE;TORNEAMENTO;SUPORTES BRASIL;0;;100;300;1
PTM2,5X6;PARAFUSO TORX M2,5 X 6;PARAFUSO;COMPONENTES;SUPORTES BRASIL;10;;1,5;5,5;90
2653125;HN44105522021S ESF 2C 15° HN7151 D=5X6X50X5RT;FRESA DE TOPO;FRESAMENTO;KENNAMETAL;8;;98,72;361,33;8
3101 - 310390;BROCA 3,90MM DIN 338N HSS;BROCA;FURAÇÃO;GMF;8;;2,99;9,21;6
CA3;CHAVE ALLEN 3MM;CHAVE;COMPONENTES;WBRASIL;8;;3;10;5
CA25;CHAVE ALLEN 2.5MM;CHAVE;COMPONENTES;WBRASIL;8;;3;10;6
CA5;CHAVE ALLEN 5MM;CHAVE;COMPONENTES;WBRASIL;8;;3;10;2
CA4;CHAVE ALLEN 4MM;CHAVE;COMPONENTES;WBRASIL;8;;3;10;6
7619;MCH MQ M 250/2 M 08 X 1.25 OX;MACHO;ROSQUEAMENTO;HANSATECNICA;8;;64,99;216,18;1
7611;MCH MQ M 250/2 M 04 X 0.7 OX;MACHO;ROSQUEAMENTO;HANSATECNICA;8;;48,45;161,16;1
7582;MCH MQ M 250/2 M 05 X 0.8 OX;MACHO;ROSQUEAMENTO;HANSATECNICA;8;;53,3;177,29;1
7615;MCH MQ M 250/2 M 06 X 1 OX;MACHO;ROSQUEAMENTO;HANSATECNICA;8;;56,34;187,41;1
APD630;FRESA MD 1CT D=6,3 X 30 X 90 HASTE Ø 6,35 (AFIAR E POLIR);FRESA DE TOPO;FRESAMENTO;FERTIG;8;;105,61;325,27;5
100.110.5239;TNMG160404-QM-GP1115;INSERTO;TORNEAMENTO;GESAC DO BRASIL;8;;14,24;52,1;10
20322;MGEHR 2020 3T22 - EXT DIR MGM3 (GKD 3);SUPORTE;TORNEAMENTO;SUPORTES BRASIL;0;;110;330;1
3833;MACHO MN M 101 M 06 X 1 JG3;MACHO;ROSQUEAMENTO;HANSATECNICA;8;;86,11;315,16;1
4143978;VDS201A07500 WU25PD D=7.5 3XD SEM REFRI;BROCA;FURAÇÃO;KENNAMETAL;8;;102,78;376,17;6
4143955;VDS201A05800 WU25PD D=5.8 3XD SEM REFRI;BROCA;FURAÇÃO;KENNAMETAL;8;;93,95;343,86;1
3859336;BDMT070308ER-ML TN6430 R0,8;INSERTO;TORNEAMENTO;KENNAMETAL;8;;20,63;75,51;20
4144501;VDS201A16500 WU25PD D=16.5 3XD SEM REFRI;BROCA;FURAÇÃO;KENNAMETAL;8;;368,24;1347,76;1
PTM2X5;PARAFUSO TORX M2 X 5;PARAFUSO;COMPONENTES;HEINZ TOOLS;10;;1,5;5;31
3607302;NG3M350RK TN6025;INSERTO;TORNEAMENTO;KENNAMETAL;8;;29,07;106,4;2
3607515;NG3M325RK TN6025;INSERTO;TORNEAMENTO;KENNAMETAL;8;;23,53;86,11;2
6171557;TCF160R3SL25MB WTB TOP CUT FOUR D=16 3XD;SUPORTE;FURAÇÃO;KENNAMETAL;0;;430;1324,4;1
3102 - 321100;BROCA 11,00MM DIN 338N HSS;BROCA;FURAÇÃO;GMF;8;;29,32;90,3;4
4166436;CNMG1204127N TN20K;INSERTO;TORNEAMENTO;KENNAMETAL;8;;17,29;63,28;4
2029266;12147549000 W CHAVE TORX T7;CHAVE;COMPONENTES;KENNAMETAL;8;;15,07;55,16;2
2018429;3ER15ISO TN6025;INSERTO;ROSQUEAMENTO;KENNAMETAL;8;;31,63;115,77;10
837;GRAMPO FIXACAO LATERAL M 12 - (PAR);PARTES E ACESSORIOS PARA MAQUINAS;FIXAÇÃO;BASFIX/ BTFIXO;0;;289;890,12;1
3101 - 310380;BROCA 3,80MM DIN 338N HSS;BROCA;FURAÇÃO;GMF;8;;3,77;11,61;1
2952526;CNGA120404T02020 CW2015;INSERTO CERAMICAS;TORNEAMENTO;KENNAMETAL;10;;22,43;82,09;1
3101 - 310450;BROCA 4,50MM DIN 338N HSS;BROCA;FURAÇÃO;THURMER;8;;4,27;13,15;13
2256496;7N2202021RJ RETA 2C 30° D=2X4X16X50 LONG NECK;FRESA DE TOPO;FRESAMENTO;KENNAMETAL;8;;104,73;383,31;1
333250;BROCA DE CENTRO - DIN 333A - 2,50X6,30MM;BROCA;FURAÇÃO;HEINZ TOOLS;8;;10,17;31,32;2
23606;SIR 0025 16 - INT DIR 16IR;SUPORTE;TORNEAMENTO;SUPORTES BRASIL;0;;145;435;1
1/8MAN;MACHO 1/8 *MANUAL C/3 PÇS;MACHO;ROSQUEAMENTO;GMF;8;;33,06;145,5;1
3477329;70N716006MT RETA 6C 20° X-FEED D=16X16X48X110;FRESA DE TOPO;FRESAMENTO;KENNAMETAL;8;;591,07;2163,32;1
333160;BROCA DE CENTRO - DIN 333A - 1,60X4,00MM;BROCA;FURAÇÃO;GMF;8;;9,16;28,18;2
3101 - 320360;BROCA 1/4'' MM DIN 338N HSS;BROCA;FURAÇÃO;THURMER;8;;5,77;17,31;5
3101 - 311150;BROCA 11,50MM DIN 338N HSS;BROCA;FURAÇÃO;THURMER;8;;22,23;68,46;4
3101 - 310880;BROCA 8,80MM DIN 338N HSS;BROCA;FURAÇÃO;THURMER;8;;13,18;40,59;4
3101 - 310950;BROCA 9,50MM DIN 338N HSS;BROCA;FURAÇÃO;THURMER;8;;17,73;54,61;1
1146;CHAVE ER-11 - PARA PORCA TIPO M CASTELO;PARTES E ACESSORIOS PARA MAQUINAS;FIXAÇÃO;BASFIX/ BTFIXO;0;;21,26;65,48;1
6101 - 104010;MACHO M4 X 0,70MM*MANUAL C/3 PÇS - OSG;MACHO;ROSQUEAMENTO;GMF;8;;85,62;263,7;1
6425362;XNPU100408SRMM WS40PM;INSERTO;FRESAMENTO;KENNAMETAL;8;;23,35;85,46;5
32ER020;32ER020M ER D=2;PARTES E ACESSORIOS PARA MAQUINAS;FIXAÇÃO;BASFIX/ BTFIXO;0;;38,67;119,1;2
19154;F-CALCO 5322.331.06 (MWLNL 2020 06);PARTES E ACESSORIOS PARA MAQUINAS;COMPONENTES;SUPORTES BRASIL;0;;4;12;5
98574RD;M170D032Z02H25L150 RDPX1204;SUPORTE;FRESAMENTO;SUPORTES BRASIL;0;;110;330;2
1148;CHAVE ER-32 - PARA PORCA TIPO T2 (4 PONTAS);CHAVE;COMPONENTES;BASFIX/ BTFIXO;8;;34,68;106,81;1
1174;5512.090.1 BUCHA 16 /VBMT 16;PARTES E ACESSORIOS PARA MAQUINAS;COMPONENTES;SOUZA FER;0;;9;27,72;1
1655150;400116006RT ESF 2C 30° D=16X16X89X32;FRESA DE TOPO;FRESAMENTO;KENNAMETAL;8;;215,66;789,58;7
2967620;17066212000 TN2525 ESF 2C 30° D=12X12X75X12;FRESA DE TOPO;MOLDES E MATRIZES;KENNAMETAL;8;;125,17;458,15;3
3607151;NG2M140RK TN6010;INSERTO;FRESAMENTO;KENNAMETAL;8;;28,12;102,92;10
20068;M17OD032Z03M16 RDPX12T3;SUPORTE;FRESAMENTO;GCTOOLS;0;;180;540;1
1656296;402404001RT RETA 4C 30° D=4X4X31X75;FRESA DE TOPO;FRESAMENTO;KENNAMETAL;8;;61,38;244,65;1
20941;MWLNR 2020 K08 - EXT DIR WNMG0804;SUPORTE;TORNEAMENTO;SUPORTES BRASIL;0;;110;300;3
3869580;CNGN120416T01020 CW3020;INSERTO;TORNEAMENTO;KENNAMETAL;8;;33,45;122,43;9
5530254;FRESA ESFERICA 55HRC 2C D=2.5X5X50 H4;FRESA DE TOPO;FRESAMENTO;KENNAMETAL;8;;28,37;87,39;5
3781765;CPGT04T1043 TN7135;INSERTO;TORNEAMENTO;KENNAMETAL;8;;20,41;74,7;10
3852770;MWLNR 2525 M06 - EXT DIR WNMG0604;SUPORTE;TORNEAMENTO;SUPORTES BRASIL;0;;110;330;1
21300;MTJNR 2525 M16 - EXT DIR TNMG1604;SUPORTE;TORNEAMENTO;SUPORTES BRASIL;0;;110;330;3
21298;MTJNL 2525 M16 - EXT ESQ TNMG1604;SUPORTE;TORNEAMENTO;SUPORTES BRASIL;0;;110;330;1
3852768;MWLNL 2525 M06 - EXT ESQ WNMG0604;SUPORTE;TORNEAMENTO;SUPORTES BRASIL;0;;100;300;1
5550303;FRESA TOROIDAL 55HRC 4C D=3X8X50 H4 R0.5;FRESA DE TOPO;FRESAMENTO;HEINZ TOOLS;8;;37,38;115,14;1
640;FRESA RETA 55HRC 2C D=4X4X50X11;FRESA DE TOPO;FRESAMENTO;HEINZ TOOLS;8;;26,27;80,92;2
2047689;MTJNR 2020 K16 - EXT DIR TNMG1604;SUPORTE;TORNEAMENTO;SUPORTES BRASIL;0;;110;300;3
5550400;FRESA TOROIDAL 55HRC 4C D=4X10X50 H4 R0.5;FRESA DE TOPO;FRESAMENTO;HEINZ TOOLS;8;;37,38;115,15;3
5550600;FRESA TOROIDAL 55HRC 4C D=6X15X50 H6 R0.5;FRESA DE TOPO;FRESAMENTO;HEINZ TOOLS;8;;59,65;183,73;1
5560601;FRESA TOROIDAL 55HRC 4C D=6X6X75X15 R0.5;FRESA DE TOPO;FRESAMENTO;HEINZ TOOLS;8;;60,5;186,34;1
1,50703E+13;PORTA FERR TIPO SUPORTE PARA BEDAME REF GHMR 20;FERRAMENTA SOLDADA;FIXAÇÃO;BASFIX/ BTFIXO;5;;1500;1500;3
3101 - 310220;BROCA 2,20MM DIN 338N HSS;BROCA;FURAÇÃO;INDAÇO;8;;1,7;6,52;7
680012H11;M6800D012Z02H11L120 BDMT0703;SUPORTE;FRESAMENTO;GCTOOLS;0;;115;345;1
2262;PORTA FRESA ROSCADO BT 40 X M 12 (L=152MM) (L1=125MM)- 12.000RPM;PARTES E ACESSORIOS PARA MAQUINAS;FIXAÇÃO;BASFIX/ BTFIXO;0;;237,13;730,36;1
28472;DGTR 20B 2D35 - DIR DGN2;SUPORTE;TORNEAMENTO;SUPORTES BRASIL;0;;110;300;1
23478;SER 2525 M16 - EXT DIR 16ER;SUPORTE;TORNEAMENTO;SUPORTES BRASIL;0;;110;330;1
890;MWLNL 2020 K08 - EXT ESQ WNMG0804;SUPORTE;TORNEAMENTO;SUPORTES BRASIL;0;;100;300;1
4170499;WNMG080408ML WP25CT;INSERTO;TORNEAMENTO;KENNAMETAL;8;;21,95;80,34;2
4170533;WNMG080408UR WP25CT;INSERTO;TORNEAMENTO;KENNAMETAL;8;;21,95;80,34;3
5510600;FRESA ESFERICA MICRO 2C D=0.6X1XX50 H4;FRESA;FRESAMENTO;HEINZ TOOLS;8;;47,5;146,32;1
19155;5322.331.07 CALÇO MWLNR 08;CALÇO;COMPONENTES;BLACK TOOLS;10;;8;31,9;1
2968513;TDS503A04800 WU25PD D=4.8 8XD COM REFRI;BROCA;FURAÇÃO;KENNAMETAL;8;;348,74;1276,39;2
422;FRESA RETA 55HRC 4C D=1X4X50X3;FRESA DE TOPO;FRESAMENTO;HEINZ TOOLS;8;;23,65;72,84;4
5551000;FRESA TOROIDAL 55HRC 4C D=10X10X75X25 R0.5;FRESA DE TOPO;FRESAMENTO;HEINZ TOOLS;8;;153;471,24;3
5550204;FRESA TOROIDAL 55HRC 4C D=2X4X50X6 R0.5;FRESA DE TOPO;FRESAMENTO;HEINZ TOOLS;8;;37,38;115,14;9
5550300;FRESA TOROIDAL 55HRC 4C D=3X8X50 H3 R0.5;FRESA DE TOPO;FRESAMENTO;HEINZ TOOLS;8;;34,61;106,6;1
28484;DGTR 25B 2D35 - DIR DGN2;SUPORTE;TORNEAMENTO;SUPORTES BRASIL;0;;110;330;1
1985548;402116006RT ESF 2C 30° D=16X16X150X75;FRESA DE TOPO;FRESAMENTO;KENNAMETAL;8;;347,24;1177,14;2
19588;S12M SCLCR 06 - INT DIR CCMT0602;SUPORTE;TORNEAMENTO;SUPORTES BRASIL;0;;100;300;1
MT1603;MT1603 CALÇO TNMG16;CALÇO;COMPONENTES;SUPORTES BRASIL;10;;4;12;6
5530205;FRESA ESFERICA 55HRC 2C D=2X4X75 H4;FRESA DE TOPO;FRESAMENTO;HEINZ TOOLS;8;;32,8;105,37;4
T80000;CHAVE TORX 8;CHAVE;COMPONENTES;SUPORTES BRASIL;8;;3,8;11,4;16
PTM3,5X10;PARAFUSO TORX M3,5 X 10;PARAFUSO;COMPONENTES;HEINZ TOOLS;10;;1,5;5,5;27
3102 - 320750;BROCA 7,50MM DIN 338N HSS;BROCA;FURAÇÃO;GMF;8;;8,58;26,42;1
4143982;VDS201A07800 WU25PD D=7.8 3XD SEM REFRI;BROCA;FURAÇÃO;KENNAMETAL;8;;102,78;376,17;2
3857;MORSA PRECISAO ABERT. 160MM/320MM - HVV-4;PARTES E ACESSORIOS PARA MAQUINAS;FIXAÇÃO;BASFIX/ BTFIXO;0;;3604,95;11103,24;1
28487;DGTR 25B 3D40 - DIR DGN3;SUPORTE;TORNEAMENTO;SUPORTES BRASIL;0;;110;411;1
3101 - 310400;BROCA 4,00MM DIN 338N HSS;BROCA;FURAÇÃO;GMF;8;;4,76;14,66;6
3102 - 320420;BROCA 4,20MM DIN 338N HSS;BROCA;FURAÇÃO;GMF;8;;4,98;15,33;1
3102 - 320500;BROCA 5,00MM DIN 338N HSS;BROCA;FURAÇÃO;INDAÇO;8;;5,91;18,2;5
3101 - 310550;BROCA 5,50MM DIN 338N HSS;BROCA;FURAÇÃO;GMF;8;;4,98;15,33;1
3101 - 310600;BROCA 6,00MM DIN 338N HSS;BROCA;FURAÇÃO;GMF;8;;6,17;19;7
3101 - 310200;BROCA 2,00MM DIN 338N HSS;BROCA;FURAÇÃO;GMF;8;;2,97;6,05;5
3101 - 310170;BROCA 1,70MM DIN 338N HSS;BROCA;FURAÇÃO;GMF;8;;4,02;12,38;7
744;FRESA RETA 55HRC 4C D=1X3X50X3;FRESA DE TOPO;FRESAMENTO;HEINZ TOOLS;8;;26,02;80,14;2
3101 - 310120;BROCA 1,20MM DIN 338N HSS;BROCA;FURAÇÃO;INDAÇO;8;;5,28;16,26;7
PTM3,5X8;PARAFUSO TORX M3,5 X 8;PARAFUSO;COMPONENTES;SUPORTES BRASIL;10;;1,65;5,5;10
1241;ADAPTADOR PARA MANDRIL TAM. 1 -  6,00 X  4,90 - (M8)  -  6,00 X  4,90 - (M8);PARTES E ACESSORIOS PARA MAQUINAS;FIXAÇÃO;BASFIX/ BTFIXO;0;;183,06;563,82;1
3484756;70N706002MT RETA 6C 20° X-FEED D=6X6X18X63;FRESA DE TOPO;FRESAMENTO;KENNAMETAL;8;;234,86;859,59;1
3101 - 310310;BROCA 3,10MM DIN 338N HSS;BROCA;FURAÇÃO;INDAÇO;8;;3,82;11,76;2
3101 - 310510;BROCA 5,10MM DIN 338N HSS;BROCA;FURAÇÃO;INDAÇO;8;;5,86;18,04;1
3102 - 320800;BROCA 8,00MM DIN 338N HSS;BROCA;FURAÇÃO;INDAÇO;8;;11,96;36,83;1
3101 - 311180;BROCA 11,80MM DIN 338N HSS;BROCA;FURAÇÃO;INDAÇO;8;;30,8;94,86;2
3101 - 311250;BROCA 12,50MM DIN 338N HSS;BROCA;FURAÇÃO;GMF;8;;25,13;77,4;4
20940;MWLNR 2020 K06 - EXT DIR WNMG0604;SUPORTE;TORNEAMENTO;SUPORTES BRASIL;0;;100;300;1
3101 - 311450;BROCA 14,50MM DIN 338N HSS;BROCA;FURAÇÃO;GMF;8;;83,2;300;1
1175225;193.281 PARAFUSO TCF M2X4,5;PARAFUSO;COMPONENTES;KENNAMETAL;10;;6,41;23,46;7
375120;BROCA MD D=12.0X71X118 5XD S/RI DIN 6537L;BROCA;FURAÇÃO;HEINZ TOOLS;8;;361;1111,89;2
3101 - 310700;BROCA 7,00MM DIN 338N HSS;BROCA;FURAÇÃO;THURMER;8;;9,12;28,08;5
3101 - 311200;BROCA 12,00MM DIN 338N HSS;BROCA;FURAÇÃO;INDAÇO;8;;33,8;104,1;1
3102 - 321350;BROCA 13,50MM DIN 338N HSS;BROCA;FURAÇÃO;THURMER;8;;85,83;264,35;3
4171407;TNMG110304ML WK20CT;INSERTO;TORNEAMENTO;KENNAMETAL;8;;11,55;42,27;2
1602544;401112005RT ESF 2C 30° D=12X12X100X45;FRESA DE TOPO;MOLDES E MATRIZES;KENNAMETAL;8;;171,44;627,67;6
1147;CHAVE ER-25 - PARA PORCA TIPO T2 (4 PONTAS);PARTES E ACESSORIOS PARA MAQUINAS;FIXAÇÃO;BASFIX/ BTFIXO;0;;31,76;97,82;1
13645;M690D040Z4ERM16SD1204 WBR D=40 Z=4 SDMT1204;SUPORTE;FRESAMENTO;GCTOOLS;0;;205;600;2
4158514;GT225025 WP31MG MACHO M10X1;MACHO;ROSQUEAMENTO;KENNAMETAL;8;;313,55;1147,59;1
32ER190;32ER190M ER D=19;PARTES E ACESSORIOS PARA MAQUINAS;FIXAÇÃO;BASFIX/ BTFIXO;0;;26,37;81,21;4
3101 - 310100;BROCA 1,00MM DIN 338N HSS;BROCA;FURAÇÃO;THURMER;8;;4,87;14,99;10
3607299;NG2M120RK TN6025;INSERTO;TORNEAMENTO;KENNAMETAL;8;;28;102,48;5
3606929;NR2M075R TN6010;INSERTO;TORNEAMENTO;KENNAMETAL;8;;27,49;100,61;5
00173C;PORTA PINCA BT 40 X ER-40 (L1=70,00MM) - 12.000RPM;PARTES E ACESSORIOS PARA MAQUINAS;FIXAÇÃO;BASFIX/ BTFIXO;0;;126,4;389,31;10
5550154;FRESA TOROIDAL 55HRC 4C D=1.5X6X50 H4 R0.5;FRESA DE TOPO;FRESAMENTO;HEINZ TOOLS;8;;34,61;106,6;4
3577930;BDMT11T304ER-MS TN6425 R0,4;INSERTO;FRESAMENTO;KENNAMETAL;8;;22,91;83,85;5
4170537;RCMT0803M0 WP25CT;INSERTO;TORNEAMENTO;KENNAMETAL;8;;21,53;78,8;10
1946;PORTA PINCA BT 40 X DMC 08 (L= 90MM) (L1= 53MM)- 30.000RPM (KOJEX);PARTES E ACESSORIOS PARA MAQUINAS;FIXAÇÃO;BASFIX/ BTFIXO;0;;579,12;1783,68;2
32ER150;32ER150M ER D=15;PARTES E ACESSORIOS PARA MAQUINAS;FIXAÇÃO;BASFIX/ BTFIXO;0;;26,37;81,21;1
203;PORCA ER-40 T2;PARTES E ACESSORIOS PARA MAQUINAS;FIXAÇÃO;BASFIX/ BTFIXO;0;;39,91;122,92;1
1245;ADAPTADOR PARA MANDRIL TAM. 1 - 11,00 X  9,00 - (M14 - G1/4 - 9/16);PARTES E ACESSORIOS PARA MAQUINAS;FIXAÇÃO;BASFIX/ BTFIXO;0;;183,06;563,82;1
5542641;TCF120412FPV36 WU40PH;INSERTO;TORNEAMENTO;KENNAMETAL;8;;33,1;121,15;3
1465;BUCHA REDUCAO VDI 32 X 25,00MM;PARTES E ACESSORIOS PARA MAQUINAS;FIXAÇÃO;BASFIX/ BTFIXO;0;;96,34;296,72;1
100.110.5356;TNMG160408R-SV-GP1120;INSERTO;TORNEAMENTO;GESAC DO BRASIL;8;;13,61;49,81;50
20938;MWLNL 2020 K06 - EXT ESQ WNMG0604;SUPORTE;TORNEAMENTO;SUPORTES BRASIL;0;;100;300;1
40ER160;40ER160M ER D=16;PARTES E ACESSORIOS PARA MAQUINAS;FIXAÇÃO;BASFIX/ BTFIXO;0;;33,69;103,76;1
178;CABECOTE BROQUEADOR DIAM.  50,00MM - CAPAC. 10,00 A 125,00MM;PARTES E ACESSORIOS PARA MAQUINAS;FIXAÇÃO;BASFIX/ BTFIXO;0;;298,9;920,61;2
2558654;44315912 PN120 (ROSCA INTERNA 60º  ATÉ 3,00);INSERTO;ROSQUEAMENTO;KENNAMETAL;8;;11,93;43,66;4
333315;BROCA DE CENTRO - DIN 333A - 3,15X8,00MM;BROCA;FURAÇÃO;HEINZ TOOLS;8;;17,05;52,51;4
5880431;40110400T019.. ESF 2C 30° D=4X4X63X19 *;FRESA DE TOPO;MOLDES E MATRIZES;KENNAMETAL;8;;43,46;159,06;2
5826086;40040150T004.. RETA 4C 30° D=1.5X3X38X4 *;FRESA DE TOPO;FRESAMENTO;KENNAMETAL;8;;29,11;106,54;6
5880445;40111200T045.. ESF 2C 30° D=12X12X100X45 *;FRESA DE TOPO;MOLDES E MATRIZES;KENNAMETAL;8;;111,5;408,09;5
2743597;FRESA ESFERICA 45HRC 2C D=4X6X76X12 *;FRESA DE TOPO;MOLDES E MATRIZES;KENNAMETAL;8;;35;105;3
3101 - 310980;BROCA 9,80MM DIN 338N HSS;BROCA;FURAÇÃO;INDAÇO;8;;20,32;62,58;2
5873531;40021600T056 RETA 2C 30° D=16X16X110X56;FRESA DE TOPO;FRESAMENTO;KENNAMETAL;8;;266,88;976,78;1
5880411;40011600T032 ESF 2C 30° D=16X16X89X32;FRESA DE TOPO;FRESAMENTO;KENNAMETAL;8;;331,62;1213,73;5
3820;MACHO M3 X 0,50MM*MANUAL C/3 PÇS - OSG;MACHO;FURAÇÃO;GMF;8;;85,62;263,7;1
3577936;BDMT11T308ER-ML TN6405 R0,8;INSERTO;FRESAMENTO;KENNAMETAL;8;;22,91;83,85;5
3607433;NR2M150L TN6025;INSERTO;TORNEAMENTO;KENNAMETAL;8;;27,38;100,21;2
MSP513;MCT513 PINO WNMG06;PARAFUSO;COMPONENTES;SUPORTES BRASIL;10;;5;15;2
719;HASTE CONICA PARA MANDRIL CM 5 X ENCAIXE B24;PARTES E ACESSORIOS PARA MAQUINAS;FIXAÇÃO;BASFIX/ BTFIXO;0;;56,75;174,79;1
3503 - 300070;BROCA DE CENTRO - DIN 333A - 5,00X12,5MM;BROCA;FURAÇÃO;HEINZ TOOLS;8;;60,59;186,61;1
19085;F-PINO 5313.021.02 - TNMG16;PARTES E ACESSORIOS PARA MAQUINAS;COMPONENTES;BLACK TOOLS;0;;24;81,31;1
6640;5322.270.01 SVJ16;CALÇO;COMPONENTES;GMF;10;;10;30,8;1
4148236;VDS202A09200 WU25PD D=9.2 5XD SEM REFRI;BROCA;FURAÇÃO;KENNAMETAL;8;;162,68;595,41;2
25874;SIR 0016 16 - INT DIR 16IR;SUPORTE;TORNEAMENTO;SUPORTES BRASIL;0;;100;300;1
6568514;024111-000080 K10F-DIA ESF 2C 20° D=8X8X44X80X8;FRESA DE TOPO;FRESAMENTO;KENNAMETAL;8;;325,16;1190,08;4
MWLNL25M08;MWLNL 2525 M08 - EXT ESQ WNMG0804;SUPORTE;TORNEAMENTO;SUPORTES BRASIL;0;;100;300;1
3413;PINCA C-20 16,00MM - PORTA PINCA AUTO APERTO;PARTES E ACESSORIOS PARA MAQUINAS;FIXAÇÃO;BASFIX/ BTFIXO;0;;85,2;262,41;1
3101 - 310640;BROCA 6,40MM DIN 338N HSS;BROCA;FURAÇÃO;INDAÇO;8;;7,15;22,02;6
206B;FRESA ESFERICA 55HRC 2C D=1.5MMX2X4X50;FRESA DE TOPO;FRESAMENTO;HEINZ TOOLS;8;;21;76,86;5
3628;HASTE PARALELA PARA MANDRIL 25,00MM X B16;PARTES E ACESSORIOS PARA MAQUINAS;FIXAÇÃO;BASFIX/ BTFIXO;0;;35,72;110,01;1
MWLNR25M08;MWLNR 2525 M08 - EXT DIR WNMG0804;SUPORTE;TORNEAMENTO;SUPORTES BRASIL;0;;100;300;2
3101 - 320620;BROCA 1/2MM DIN 338N HSS;BROCA;FURAÇÃO;INDAÇO;8;;24,13;72,39;4
675;FRESA RETA 55HRC 4C D=2X8X50 H6;FRESA DE TOPO;FRESAMENTO;HEINZ TOOLS;8;;38,5;118,58;2
1906441;MS1966 - M3X8;PARAFUSO;COMPONENTES;KENNAMETAL;10;;8,59;31,44;5
PTM5X10;PARAFUSO TORX M5 X 10;PARAFUSO;COMPONENTES;HEINZ TOOLS;10;;1,98;6,5;15
533;FRESA TOROIDAL 55HRC 4C D=5X5X50X13 R0.5;FRESA DE TOPO;FRESAMENTO;HEINZ TOOLS;8;;41;138,91;1
680D32150;M680D032Z04H25L150 XDMT0903;SUPORTE;FRESAMENTO;SUPORTES BRASIL;0;;220;660;2
3101 - 310180;BROCA 1,80MM DIN 338N HSS;BROCA;FURAÇÃO;INDAÇO;8;;1,92;6,24;7
3101 - 310240;BROCA 2,40MM DIN 338N HSS;BROCA;FURAÇÃO;INDAÇO;8;;1,74;5,36;7
3101 - 310290;BROCA 2,90MM DIN 338N HSS;BROCA;FURAÇÃO;INDAÇO;8;;2,24;7,23;3
333400;BROCA DE CENTRO - DIN 333A - 4,00X10,0MM;BROCA;FURAÇÃO;GMF;8;;19,26;59,32;8
2024243;S25T SCLCR 09 - INT DIR CCMT09T3;SUPORTE;TORNEAMENTO;SUPORTES BRASIL;0;;166,5;499,5;1
5880444;40011200T025.. ESF 2C 30° D=12X12X76X25 *;FRESA DE TOPO;FRESAMENTO;KENNAMETAL;8;;98,65;361,06;9
5880426;40010150T005.. ESF 2C 30° D=1.5X3X38X5 *;FRESA DE TOPO;FRESAMENTO;KENNAMETAL;8;;34,93;127,84;1
5880438;40010800T020.. ESF 2C 30° D=8X8X63X20 *;FRESA DE TOPO;FRESAMENTO;KENNAMETAL;8;;57,05;208,8;3
5880441;40011000T022.. ESF 2C 30° D=10X10X76X22 *;FRESA DE TOPO;FRESAMENTO;KENNAMETAL;8;;77,37;283,17;3
5880442;40111000T032.. ESF 2C 30° D=10X10X89X32 *;FRESA DE TOPO;FRESAMENTO;KENNAMETAL;8;;83,82;306,78;1
5880448;40011600T032.. ESF 2C 30° D=16X16X89X32 *;FRESA DE TOPO;FRESAMENTO;KENNAMETAL;8;;276,35;1011,44;5
2743595;FRESA ESFERICA 45HRC 2C D=5X6X76X14 *;FRESA DE TOPO;FRESAMENTO;KENNAMETAL;8;;35;105;3
4148195;VDS202A06200 WU25PD D=6.2 5XD SEM REFRI;BROCA;FURAÇÃO;KENNAMETAL;8;;124,37;455,19;1
3101 - 310820;BROCA 8,20MM DIM 338N HSS;BROCA;FURAÇÃO;INDAÇO;8;;12,07;37,17;1
3101 - 310480;BROCA 4,80MM DIN 338N HSS;BROCA;FURAÇÃO;INDAÇO;8;;3,41;11,04;3
120543;DGTR 10B 2D30 - DIR DGN2;SUPORTE;TORNEAMENTO;SUPORTES BRASIL;0;;100;300;3
3101 - 310870;BROCA 8,70MM DIN 338N HSS;BROCA;FURAÇÃO;INDAÇO;8;;15,87;48,87;4
3101 - 310890;BROCA 8,90MM DIN 338N HSS;BROCA;FURAÇÃO;INDAÇO;8;;11;35,58;3
3102 - 321020;BROCA 10,20MM DIN 338N HSS;BROCA;FURAÇÃO;INDAÇO;8;;25,35;78,07;4
19301;5513.020.18 (M4X0,5 - T15) P/ SIR/SIL 22;PARAFUSO;COMPONENTES;BLACK TOOLS;10;;11;36,3;1
TB41108;BROCA 5,00MM DIN 340N TW204 (132X87);BROCA;FURAÇÃO;GMF;8;;35,38;108,97;1
3101 - 310570;BROCA 5,70MM DIN 338N HSS;BROCA;FURAÇÃO;INDAÇO;8;;4,38;14,16;7
100.150.0020;GKEL2525-3T18DA - ESQ GKD 3;SUPORTE;TORNEAMENTO;GESAC DO BRASIL;0;;123,25;369,76;1
1968107;401014014RT ESF 4C 30° D=14X14X63X20;FRESA DE TOPO;MOLDES E MATRIZES;KENNAMETAL;8;;59,23;216,81;5
3101 - 310860;BROCA 8,60MM DIN 338N HSS;BROCA;FURAÇÃO;INDAÇO;8;;11,86;36,53;2
1656900;463301200RT RETA 3C 30° D=1.2X3X38X2 MICRO;FRESA DE TOPO;FRESAMENTO;KENNAMETAL;8;;35,09;128,43;1
521;FRESA TOROIDAL 45HRC 4C D=10X10X25X75 R2;FRESA DE TOPO;FRESAMENTO;HEINZ TOOLS;8;;83;281,2;1
130B;FRESA TOROIDAL 45HRC 4C D=8MMX20X8X60 R0.5;FRESA DE TOPO;FRESAMENTO;BISSOLE;8;;63;194,04;2
2278;PORTA FRESA ROSCADO SK 40 X M 16 (L= 94MM) (L1= 75MM)- 12.000RPM;PARTES E ACESSORIOS PARA MAQUINAS;FIXAÇÃO;BASFIX/ BTFIXO;0;;253,9;782,01;1
5530300;FRESA ESFERICA 55HRC 2C D=3X6X50 H3;FRESA DE TOPO;FRESAMENTO;HEINZ TOOLS;8;;28,37;87,39;8
6172450;VTSFT-TC6512 WU41EG M5X0,8 DIN 376 6H C FURO CEGO;MACHO;FURAÇÃO;KENNAMETAL;8;;63;230,58;2
6172496;VTSFT-TC6550 WU41EG M10X1,5 DIN 371 6H C FURO CEGO;MACHO;ROSQUEAMENTO;KENNAMETAL;8;;92,24;337,6;3
4551204;FRESA TOROIDAL 45HRC 2C D=12X12X75X30 R0.5;FRESA DE TOPO;FRESAMENTO;HEINZ TOOLS;8;;122,18;376,34;1
5606;170.5.851 R CALÇO P/ KNUX-R;CALÇO;COMPONENTES;GMF;10;;14,9;53,1;2
202B;FRESA ESFERICA 55HRC 2C D=0,5MMX4X50;FRESA DE TOPO;FRESAMENTO;BISSOLE;8;;34,5;106,26;3
4056187;M370D032Z04M16WO08 D=32 Z=4 M16 WOEJ0804 ROSCADO;SUPORTE;FRESAMENTO;GCTOOLS;0;;769,88;2309,64;1
3772;PINO ADAPTADOR BT 50 PARA ISO 50 (DIN2080);PARTES E ACESSORIOS PARA MAQUINAS;FIXAÇÃO;BASFIX/ BTFIXO;0;;42,76;131,71;1
1445.1 103052;FRESA DE TOPO D=15 -327 B N LONGA;FRESA DE TOPO;FRESAMENTO;INDAÇO;8;;135,06;415,98;1
19138;5322.234.01 CNMG12;CALÇO;COMPONENTES;BLACK TOOLS;10;;6,3;61,6;4
4166523;TNMG160408-7N TN20P;INSERTO;TORNEAMENTO VALUE;KENNAMETAL;8;;16,47;60,28;9
02000P;PORTA FRESA FACEAR ISO 40 X 16,00MM (L1= 35,00MM);FIXAÇÃO;FRESAMENTO;BASFIX/ BTFIXO;0;;157,25;484,33;1
3955110;GT305090 GM6515 MACHO M8X1 HSS-E-PM;MACHO;ROSQUEAMENTO;KENNAMETAL;8;;108,99;398,9;1
TT16;TT16 CALÇO SER/SIR LT16;CALÇO;COMPONENTES;SUPORTES BRASIL;10;;3,5;10,5;9
SS4008;SS4008 PARAFUSO DO CALÇO SIR/SER;PARAFUSO;COMPONENTES;SUPORTES BRASIL;10;;5;15;2
5531002;FRESA ESFERICA 55HRC 2C D=10X10X100X20;FRESA DE TOPO;FRESAMENTO;HEINZ TOOLS;8;;152,73;470,42;1
5608;CHAVE C-20 - PARA PORCA CONE AUTO TORQUE;PARTES E ACESSORIOS PARA MAQUINAS;FIXAÇÃO;BASFIX/ BTFIXO;0;;37,9;116,73;1
D20BD11;M6800D020Z02H19L150 BDMT11T3;SUPORTE;FRESAMENTO;GCTOOLS;0;;173;519;1
4148148;VDS202A03300 WU25PD D=3.3 5XD SEM REFRI;BROCA;FURAÇÃO;KENNAMETAL;8;;115,41;422,4;1
WCT618;WCT618 PINO WNMG08;PARAFUSO;COMPONENTES;SUPORTES BRASIL;10;;5;15;4
2545216;70N106002RT ESF 2C 30° D=6X6X76X18;FRESA DE TOPO;FRESAMENTO;KENNAMETAL;8;;169,1;618,91;2
3653427;WMTBR2525M319-100-205;SUPORTE;TORNEAMENTO;KENNAMETAL;0;;374,67;1124,01;1
3653428;WMTBL2525M319-100-205;SUPORTE;TORNEAMENTO;KENNAMETAL;0;;374,67;1124,01;1
100.110.1108;CNMG120408-HK-GK1125;INSERTO;TORNEAMENTO;GESAC DO BRASIL;8;;15,06;55,11;20
1021589;CHAVE TORX FT5;CHAVE;COMPONENTES;KENNAMETAL;8;;5,03;18,41;1
4164793;TNGP160408 TN10U;INSERTO;TORNEAMENTO;KENNAMETAL;8;;21,36;78,18;8
6429462;TCF120405ECV38 WU40PH;INSERTO;FRESAMENTO;KENNAMETAL;8;;33,59;122,94;3
4148022;VDS202A02300 WU25PD D=2.3 5XD SEM REFRI;BROCA;FURAÇÃO;KENNAMETAL;8;;113,58;415,7;2
6429430;TCF080308DPV38 WU40PH;INSERTO;TORNEAMENTO;KENNAMETAL;8;;30,69;112,33;2
2545214;70N104002RT ESF 2C 30° D=4;FRESA DE TOPO;FRESAMENTO;KENNAMETAL;8;;169,1;618,91;2
3215025;M170D032Z03H25L150 RDPX12T3;SUPORTE;FRESAMENTO;SUPORTES BRASIL;0;;150;462;2
6127848;HN60586197.. 2C ESFERICA D=6X6X28X76 *;FRESA;FRESAMENTO;VISION ONE;8;;73,95;227,76;2
CJTOMW06;CONJUNTO GRAMPO PARAFUSO MW0603;PARTES E ACESSORIOS PARA MAQUINAS;FIXAÇÃO;SUPORTES BRASIL;0;;15;45;1
2564441;SOMT060204ML PA120;INSERTO;FRESAMENTO;KENNAMETAL;8;;10,16;37,18;12
TNMG160408 K;TNMG160408 WS6115;PARTES E ACESSORIOS PARA PORTA FERRAMENTAS;TORNEAMENTO;SUPORTES BRASIL;0;;14;42;10
4170570;DNMG150612MR WP25CT;INSERTO;TORNEAMENTO;KENNAMETAL;8;;37,47;137,14;19
2018194;12748610000 W PARA TCF;PARAFUSO;FIXAÇÃO;KENNAMETAL;10;;6,81;24,92;10
2018265;12148001300 W CHAVE TORX T8;PARAFUSO;FIXAÇÃO;KENNAMETAL;10;;6,89;25,22;10
CNMG120408-BM;CNMG120408-BM WS7225;PARTES E ACESSORIOS PARA PORTA FERRAMENTAS;TORNEAMENTO;SUPORTES BRASIL;0;;14;42;2
S16Q09R;S16Q SCLCR 09 - INT DIR CCMT09T3;SUPORTE;TORNEAMENTO;SUPORTES BRASIL;0;;90;270;1
6407888;TCF040204APV36 WN10PH;INSERTO;FURAÇÃO;KENNAMETAL;8;;26,49;96,95;20
4152709;GT025012 WP31MG MACHO M8X1 6H RHSF SBOT 374;MACHO;ROSQUEAMENTO;KENNAMETAL;8;;169,5;620,37;3
6101 - 105010;MACHO M5 X 0,80MM*MANUAL C/3 PÇS - INDAÇO;MACHO;ROSQUEAMENTO;INDAÇO;8;;92,59;285,17;1
4143831;VDS403A08500 WU25PD D=8.5 8XD COM REFRI;BROCA;FURAÇÃO;KENNAMETAL;8;;294,52;1077,94;1
01926P;PORTA PINCA BT 40 X ER-20 (L1= 70,00MM) - 12.000RPM;PARTES E ACESSORIOS PARA MAQUINAS;FIXAÇÃO;BASFIX/ BTFIXO;0;;155,07;477,61;1
5538559;TCF080308DPV34 WU40PH;INSERTO;FURAÇÃO;KENNAMETAL;8;;30,69;112,33;2
3850951;TDM190R5SCF25M W;SUPORTE;FURAÇÃO;KENNAMETAL;0;;911,74;2735,22;1
PCON001466;CABEÇOTES 60°;PARTES E ACESSORIOS PARA MAQUINAS;FIXAÇÃO;CBC;0;;100;100;1
1518;HASTE PARA CABECOTE - 25,00MM;PARTES E ACESSORIOS PARA MAQUINAS;FIXAÇÃO;BASFIX/ BTFIXO;0;;147,06;452,94;1
3883343;TCGW16T308S01015M WBH25P;INSERTO;TORNEAMENTO;KENNAMETAL;8;;96,08;351,65;1
561;FRESA TOROIDAL 55HRC 4C D=5X13X50X5 R1.0;FRESA DE TOPO;FRESAMENTO;HEINZ TOOLS;8;;40,59;138,9;2
3955098;GT305148 GM6515 MACHO M3X0,5 HSS-E-PM;MACHO;ROSQUEAMENTO;KENNAMETAL;8;;77,26;282,77;1
36524;S08K SDUCL 07;SUPORTE;TORNEAMENTO;SUPORTES BRASIL;0;;60;180;1
BAP300D12;BAP300RD12Z01H11L150 APMT1135;SUPORTE;FRESAMENTO;SUPORTES BRASIL;0;;100;300;1
BAP300D16;BAP300RD16Z02H15L150 APMT1135;SUPORTE;FRESAMENTO;SUPORTES BRASIL;0;;120;360;1
BAP300D20;BAP300RD20Z03H19L150 APMT1135;SUPORTE;FRESAMENTO;SUPORTES BRASIL;0;;140;350;1
BAP300D25;BAP300RD25Z03H24L150 APMT1135;SUPORTE;FRESAMENTO;SUPORTES BRASIL;0;;160;480;1
S20RSCLCR09;S20R SCLCR 09 - INT DIR CCMT09T3;SUPORTE;TORNEAMENTO;SUPORTES BRASIL;0;;95;285;1
3686;PORTA PINCA AUTO APERTO SK 40 X C-20 (L1=105,00MM);PARTES E ACESSORIOS PARA MAQUINAS;FIXAÇÃO;BASFIX/ BTFIXO;0;;843,33;2597,45;1
2588272;PINO SHIMPIN 73498715 (TNMG16 WIDIA);PINO;COMPONENTES;KENNAMETAL;10;;3,17;11,6;3
3704;PINO ADAPTADOR BT40 PARA ISO 40 (DIN208);PARTES E ACESSORIOS PARA MAQUINAS;FIXAÇÃO;BASFIX/ BTFIXO;0;;32,35;99,63;1
1671;LOCALIZADOR DE ARESTAS TEMPERADO, RETIFICADO, TOLERANCIA 0,005MM: CBQ-00;PARTES E ACESSORIOS PARA MAQUINAS;FIXAÇÃO;BASFIX/ BTFIXO;0;;29,64;91,29;2
627;SCGT09T308 AK JT1001;INSERTO;TORNEAMENTO;HEINZ TOOLS;8;;14,3;44,04;6
5366668;VTSPO6510 WP49EG M3 ISO2 (6H) 2F DIN371 B FURO PASSANTE;MACHO;ROSQUEAMENTO;KENNAMETAL;8;;46,39;169,79;3
5368565;VTSPO6535 WP49EG M16 ISO2 (6H) 3F DIN376 B FURO PASSANTE;MACHO;ROSQUEAMENTO;KENNAMETAL;8;;159,78;584,79;1
MW0603;MW0603 CALÇO MWLNR/L06;CALÇO;COMPONENTES;SUPORTES BRASIL;10;;4;12;6
1144;PORCA ER-11 T1 - SEXTAVADO;PARTES E ACESSORIOS PARA MAQUINAS;FIXAÇÃO;BASFIX/ BTFIXO;0;;25,2;77,61;1
3225150;M170D032Z03H25L150 RDPX1003;SUPORTE;FRESAMENTO;SUPORTES BRASIL;0;;150;462;1
502210;M170D050Z05F22 RDPX1003;SUPORTE;FRESAMENTO;KENNAMETAL;0;;180;554,4;1
630522;M170D063Z05F22 RDPX1003;SUPORTE;FRESAMENTO;SUPORTES BRASIL;0;;190;585,2;2
252412;M170D025Z02H24L150 RDPX12T3;SUPORTE;FRESAMENTO;SUPORTES BRASIL;0;;140;431,2;2
DCGT11AK;DCGT11T304-AK WSK10;PARTES E ACESSORIOS PARA PORTA FERRAMENTAS;TORNEAMENTO;SUPORTES BRASIL;0;;14;42;10
2109974;12748610600 W  PARA RH12;PARAFUSO;FIXAÇÃO;KENNAMETAL;10;;20,65;75,58;7
M1200D50;M1200D050Z04FC22L40 D=50 M1200 HNPJ0905;SUPORTE;TORNEAMENTO;GCTOOLS;0;;275;847;1
WNMG0804 M;WNMG080404-BF WS7125;PARTES E ACESSORIOS PARA PORTA FERRAMENTAS;TORNEAMENTO;SUPORTES BRASIL;0;;14;42;5
S25SR09;S25S SCLCR 09 - INT DIR CCMT09T3;SUPORTE;TORNEAMENTO;SUPORTES BRASIL;0;;90;277,2;2
MW0804;MW0804 CALÇO MWLNR/L08;CALÇO;COMPONENTES;SUPORTES BRASIL;10;;5;15;10
MC1204;MC1204 CALÇO CNMG12;CALÇO;TORNEAMENTO;SUPORTES BRASIL;10;;5;15;13
PTM3,5X12;PARAFUSO TORX M3,5 X 12;PARAFUSO;FIXAÇÃO;SUPORTES BRASIL;10;;1,5;5,5;37
689;CHAVE PARA MANDRIL CAPAC. ATÉ 20MM;PARTES E ACESSORIOS PARA MAQUINAS;FIXAÇÃO;BASFIX/ BTFIXO;0;;5,7;17,55;2
680D12150;M680D012Z02H11L150 XDMT0903;SUPORTE;FRESAMENTO;SUPORTES BRASIL;0;;90;270;3
3247;M6800D012Z02H12L120 BDMT0703;SUPORTE;FRESAMENTO;GCTOOLS;0;;120;360;1
6429452;TCF100408EPV38 WU40PH;INSERTO;TORNEAMENTO;KENNAMETAL;8;;30,69;112,33;2
DNMG150612-P;DNMG150612-GR WS8125;PARTES E ACESSORIOS PARA PORTA FERRAMENTAS;TORNEAMENTO;SUPORTES BRASIL;0;;25;75;10
WCLNL20;WCLNL 2020 K12 - EXT ESQ CNMG1204;SUPORTE;TORNEAMENTO;SUPORTES BRASIL;0;;100;300;1
16IRAG55;16IRAG55 HS5125;PARTES E ACESSORIOS PARA PORTA FERRAMENTAS;TORNEAMENTO;SUPORTES BRASIL;0;;18;54;1
4148173;VDS202A04763 WU25PD D=4,763 5XD SEM REFRI;BROCA;FURAÇÃO;KENNAMETAL;8;;117,48;429,98;2
929;PORTA BARRA ISO 40 X 32,00MM (L1=90,00MM);PARTES E ACESSORIOS PARA MAQUINAS;FIXAÇÃO;BASFIX/ BTFIXO;0;;166,2;511,89;1
5530400;FRESA ESFERICA 55HRC 2C D=4X8X50 H4;FRESA DE TOPO;FRESAMENTO;HEINZ TOOLS;8;;28,37;87,39;2
5368735;VTSFT6516 WU41EG M5 ISO2 (6H) 3F DIN 371 C FURO CEGO;MACHO;FURAÇÃO;KENNAMETAL;8;;50,26;183,95;3
5368753;VTSFT6523 WU41EG M10 ISO2 (6H) 3F DIN 371 C FURO CEGO;MACHO;ROSQUEAMENTO;KENNAMETAL;8;;108,2;396,01;3
4169442;WNMG080408UR WM15CT;INSERTO;TORNEAMENTO;KENNAMETAL;8;;21,95;80,34;9
CNMG120404-BF;CNMG120404-BF WS7225;PARTES E ACESSORIOS PARA PORTA FERRAMENTAS;TORNEAMENTO;SUPORTES BRASIL;0;;14;42;5
3625;HASTE PARALELA PARA MANDRIL 20,00MM X B22;PARTES E ACESSORIOS PARA MAQUINAS;FIXAÇÃO;BASFIX/ BTFIXO;0;;25,74;79,27;1
4169465;TNMG160408UR WM25CT;INSERTO;TORNEAMENTO;KENNAMETAL;8;;17,39;63,65;4
6101 - 108010;MACHO M8 X 1,25MM* MANUAL C/3 PÇS;MACHO;ROSQUEAMENTO;GMF;8;;79;243,32;1
4170113;TPMT110204FP WK20CT;INSERTO;TORNEAMENTO;KENNAMETAL;8;;24,48;89,6;10
5202 - 504008;ALARGADOR 4,00MM MAQUINA DIN 212D H7;ALARGADOR;COMPONENTES;GMF;8;;72,19;222,34;1
3954932;GT305100 GP6520 MACHO M6;MACHO;ROSQUEAMENTO;KENNAMETAL;8;;83,98;307,37;2
2214;BUCHA REDUCAO VDI 32 X 20,00MM;PARTES E ACESSORIOS PARA MAQUINAS;FIXAÇÃO;BASFIX/ BTFIXO;0;;96,34;296,72;1
2018673;12148067200 W;PARAFUSO;FIXAÇÃO;KENNAMETAL;10;;5,17;18,92;11
5541841;TCF040204APV34 WU25CH;INSERTO;TORNEAMENTO;KENNAMETAL;8;;27,27;99,81;23
2021361 RD10;M170D052Z05F22 RDPX1003;SUPORTE;FRESAMENTO;SUPORTES BRASIL;0;;180;554,4;2
5530602;FRESA ESFERICA 55HRC 2C D=6X12X100 H6;FRESA DE TOPO;FRESAMENTO;HEINZ TOOLS;8;;66,64;205,27;3
3101 - 310150;BROCA 1,50MM DIN 338N HSS;BROCA;FURAÇÃO;GMF;8;;4,02;12,38;8
TM-4E-D1.5S;TOPO 4C 55HRC D=1.5X4X50X4,5;PARTES E ACESSORIOS PARA PORTA FERRAMENTAS;FRESAMENTO;SUPORTES BRASIL;0;;23,65;70,95;3
PTM3X7;PARAFUSO TORX M3 X 7;PARAFUSO;COMPONENTES;SUPORTES BRASIL;10;;1,73;5,5;17
100.130.0975;UA100-SL3-16060 RETA 3C D=16X60X150X16;FRESA DE TOPO;FRESAMENTO;GESAC DO BRASIL;8;;450,62;1649,27;1
100.110.3315;QPMG09T308-DP-GA4230;INSERTO;FURAÇÃO;GESAC DO BRASIL;8;;26,06;95,38;20
100.195.0013;SI60M022055-03107K PARAFUSO 2,2X5,5;PARAFUSO;COMPONENTES;GESAC DO BRASIL;10;;15,15;45,45;16
100.110.4924;TCMT110204-GP-GP1225;INSERTO;TORNEAMENTO;GESAC DO BRASIL;8;;12,35;45,2;1
100.130.1706;SG200-S2-12030 RETA 2C D=12X30X75X12;FRESA;FRESAMENTO;GESAC DO BRASIL;8;;538,06;1969,32;2
100.130.0292;UP210-S4-05013 RETA 4C D=5X13X50X6;FRESA DE TOPO;FRESAMENTO;GESAC DO BRASIL;8;;35,52;130;25
100.130.0297;UP210-S4-10025 RETA 4C D=10X25X75X10;FRESA DE TOPO;FRESAMENTO;GESAC DO BRASIL;8;;105,18;384,97;5
100.130.0680;UP210-S4-12030 RETA 4C D=12X30X75X12;FRESA DE TOPO;FRESAMENTO;GESAC DO BRASIL;8;;134,68;492,95;11
100.120.0910;D938-A5N-1300 D=13 5XD S/ REFRI;BROCA;FURAÇÃO;GESAC DO BRASIL;8;;249,53;913,28;1
100.110.5251;TNMG160404R-SV-GP1225;INSERTO;TORNEAMENTO;GESAC DO BRASIL;8;;13,61;49,81;61
100.110.6542;WNMG080404-QM-GP1225;INSERTO;TORNEAMENTO;GESAC DO BRASIL;8;;16,12;59;20
100.110.0888;CCMT09T308-MM-GP1115;INSERTO;TORNEAMENTO;GESAC DO BRASIL;8;;11,62;42,53;9
100.120.0797;D938-A5N-0900 D=9 5XD S/ REFRI;BROCA;FURAÇÃO;GESAC DO BRASIL;8;;128,02;468,55;4
100.120.0724;D938-A5N-0650 D=6.5 5XD S/ REFRI;BROCA;FURAÇÃO;GESAC DO BRASIL;8;;113,58;415,7;4
100.110.3296;QPMG050204-DP-GS4130;INSERTO;TORNEAMENTO;GESAC DO BRASIL;8;;20,73;75,87;20
100.110.2390;GKD2002-MT-GA4230;INSERTO;TORNEAMENTO;GESAC DO BRASIL;8;;20,51;75,07;20
100.110.5289;TNMG160408-HK-GK1125;INSERTO;TORNEAMENTO;GESAC DO BRASIL;8;;14,24;52,12;10
2304;PINO FIXACAO ISO 40 - COM REFRIGERACAO INTERNA;PARTES E ACESSORIOS PARA MAQUINAS;FIXAÇÃO;BASFIX/ BTFIXO;0;;34,25;105,49;4
M12H20;HASTE M12 H20 L200;SUPORTE;TORNEAMENTO;GCTOOLS;0;;190;570;1
100.150.0566;MFB288-040R03P32-SN12HA D=40 SN*U1206 Z;SUPORTE;FRESAMENTO;GESAC DO BRASIL;0;;594,51;1783,53;2
100.150.0572;MFB288-063R05A22-SN12HA D=63 SN*U1206 Z;SUPORTE;FRESAMENTO;GESAC DO BRASIL;0;;921,71;2765,13;1
100.110.4060;SNEU1206ANEN-GM-GA4225;INSERTO;FRESAMENTO;GESAC DO BRASIL;8;;26,06;95,38;16
100.110.3157;LNMU120705-GH-GA4230;INSERTO;TORNEAMENTO;GESAC DO BRASIL;8;;25,12;91,94;90
100.130.0670;SP210-C4-10022 TOPO RETO 4C D=10X22X72X10;FRESA DE TOPO;FRESAMENTO;GESAC DO BRASIL;8;;116,08;424,84;4
100.130.0283;UP210-S4-02508 RETA 4C D=2.5X8X50X4;FRESA DE TOPO;FRESAMENTO;GESAC DO BRASIL;8;;19,05;93,97;1
5542608;TCF050204BPV34 WU25CH;INSERTO;FURAÇÃO;KENNAMETAL;8;;27,27;99,81;5
2546;SUPORTE WNGU040308 D=32 Z3 M16 (ROSCADO) MEE190;SUPORTE;TORNEAMENTO;LAZZARI;0;;237;711;2
5585;SUPORTE HNMU09 D=63 Z6 L40 FC22 45° (M1200);SUPORTE;TORNEAMENTO;LAZZARI;0;;451;1353;3
36951;SUPORTE LNMU0906 D=20 Z3 H19 L150 (MKC190);SUPORTE;TORNEAMENTO;GCTOOLS;0;;196;588;5
100.110.3237;ODKT060508-GM-GA4230;INSERTO;TORNEAMENTO;GESAC DO BRASIL;8;;45,22;165,51;20
03004P;PORTA FRESA FACEAR BT 40 X 27,00MM (L1=160,00MM) - 12.000RPM (AD/B);MANDRIL;FIXAÇÃO;BASFIX/ BTFIXO;0;;237,72;732,17;1
100.110.6383;WNMG060404-QF-GP1115;INSERTO;TORNEAMENTO;GESAC DO BRASIL;8;;13,5;49,41;30
100.110.5347;TNMG160408-QM-GP1225;INSERTO;TORNEAMENTO;GESAC DO BRASIL;8;;14,24;52,12;18
100.111.0502;TNMG160404-QF-GP31TM;INSERTO;TORNEAMENTO;GESAC DO BRASIL;8;;15,28;55,92;14
100.110.5278;TNMG160408-GF-GP1115;INSERTO;TORNEAMENTO;GESAC DO BRASIL;8;;13,61;49,81;1
100.111.0660;VBMT160404-MM-GP91TM;INSERTO;TORNEAMENTO;GESAC DO BRASIL;8;;21,14;77,37;20
100.110.4984;TCMT16T308-GP-GP1115;INSERTO;TORNEAMENTO;GESAC DO BRASIL;8;;13,71;50,18;70
100.110.4966;TCMT16T304-GP-GP1115;INSERTO;TORNEAMENTO;GESAC DO BRASIL;8;;13,71;50,18;10
100.110.4938;TCMT110204-MM-GP1115;INSERTO;TORNEAMENTO;GESAC DO BRASIL;8;;12,35;45,2;14
100.110.1756;DCMT070204-MM-GM1125;INSERTO;TORNEAMENTO;GESAC DO BRASIL;8;;10,99;40,22;10
100.110.5369;TNMG160408-SM-GM3225;INSERTO;TORNEAMENTO;GESAC DO BRASIL;8;;14,24;52,12;70
100.130.2000;SH260-R4-1.5-0.3-H TOROIDAL 4C D=1.5X4X50X4 R0.3;FRESA DE TOPO;FRESAMENTO;GESAC DO BRASIL;8;;68,6;251,09;4
100.130.2009;SH260-R4-2-0.3-H TOROIDAL 4C D=2X5X50X4 R0.3;FRESA DE TOPO;FRESAMENTO;GESAC DO BRASIL;8;;68,6;251,09;1
100.110.2740;HNMU0905ANEN-GM-GK4125;INSERTO;TORNEAMENTO;GESAC DO BRASIL;8;;39,04;142,89;330
100.130.0210;UP210-RH4-06005 TOROIDAL 4C D=6X16X75X6 R0.5;FRESA DE TOPO;FRESAMENTO;GESAC DO BRASIL;8;;47,56;197,6;5
100.130.2928;SH300-B2-06006A-H ESFERICA D=6X6X50X6;FRESA DE TOPO;FRESAMENTO;GESAC DO BRASIL;8;;154,15;564,21;1
PTM1,8X5;PARAFUSO TORX M1,8 X 5;PARAFUSO;FIXAÇÃO;SUPORTES BRASIL;10;;1,65;5;28
100.110.0283;APET113504R-NL-GN9125;INSERTO;TORNEAMENTO;GESAC DO BRASIL;8;;27,74;101,53;30
5110000072;DGN2002 KLP 1550;INSERTO;TORNEAMENTO;UNIK7;8;;19,77;60,89;10
27845;DGR2202C6D KBG202 KCT;INSERTO;TORNEAMENTO;MASTERFER;8;;29,51;90,89;5
32ER130;32ER130M ER D=13;PARTES E ACESSORIOS PARA MAQUINAS;FIXAÇÃO;BASFIX/ BTFIXO;0;;26,37;81,21;1
T6000C;CHAVE TORX 6 - CABO;CHAVE;COMPONENTES;SUPORTES BRASIL;8;;10;30;1
100.130.0279;UP210-S4-01505 RETA 4C D=1.5X5X50X40;FRESA DE TOPO;FRESAMENTO;GESAC DO BRASIL;8;;25,68;93,97;20
100.120.0751;D938-A5N-0740 D=7.4 5XD S/ REFRI;BROCA;FURAÇÃO;GESAC DO BRASIL;8;;114,7;419,79;4
100.120.0808;D938-A5N-0940 D=9.4 5XD S/ REFRI;BROCA;FURAÇÃO;GESAC DO BRASIL;8;;128,02;468,55;2
100.120.0926;D938-A5N-1390 D=13.9 5XD S/ REFRI;BROCA;FURAÇÃO;GESAC DO BRASIL;8;;249,53;913,28;4
100.110.6406;WNMG060408-HK-GK1115;INSERTO;TORNEAMENTO;GESAC DO BRASIL;8;;12,46;45,6;50
100.110.6778;WNMG080412-WMV-GP1225;INSERTO;TORNEAMENTO;GESAC DO BRASIL;8;;19,16;70,13;8
7587;MACHO M6 X 1,00MM*REF:250/2 - CEGO OSG;MACHO;ROSQUEAMENTO;GMF;8;;56,76;188,8;2
3955099;GT305079 GM6515 MACHO M4X0,7 HSS-E-PM;MACHO;ROSQUEAMENTO;KENNAMETAL;8;;77,26;282,77;2
3955101;GT305081 GM6515 MACHO M6X1 HSS-E-PM;MACHO;ROSQUEAMENTO;KENNAMETAL;8;;81,15;297,01;2
3955103;GT305083 GM6515 MACHO M10X1,5 HSS-E-PM;MACHO;ROSQUEAMENTO;KENNAMETAL;8;;115,47;422,62;2
100.130.0580;UP210-RH4-12005 TOROIDAL 4C D=12X30X100X12 R0.5;FRESA DE TOPO;FRESAMENTO;GESAC DO BRASIL;8;;174,12;637,27;1
32101;SVVNN 2525 M12 - EXT NEUTRO VNMG12T3;SUPORTE;TORNEAMENTO;BLACK TOOLS;0;;161,5;484,5;1
100.120.0615;D938-A5N-0300 D=3 5XD S/ REFRI;BROCA;FURAÇÃO;GESAC DO BRASIL;8;;103;377;3
100.120.0842;D938-A5N-1050 D=10.5 5XD S/ REFRI;BROCA;FURAÇÃO;GESAC DO BRASIL;8;;172,45;631,18;3
100.120.0343;D938-A3N-1010 D=10.1 3XD S/ REFRI;BROCA;FURAÇÃO;GESAC DO BRASIL;8;;151,2;553,4;1
3102 - 329640;BROCA 5/8 - ANSI;BROCA;FURAÇÃO;INDAÇO;8;;93,78;288,84;1
100.110.0867;CCMT09T308-GP-GP1120;INSERTO;TORNEAMENTO;GESAC DO BRASIL;8;;11,62;42,53;10
100.110.3966;SEET1204AFEN-PL-GP4225;INSERTO;TORNEAMENTO;GESAC DO BRASIL;8;;15,34;56,15;40
100.150.0242;MEC190-080R05A27-AN16HA D=80 ANKX1607;SUPORTE;TORNEAMENTO;GESAC DO BRASIL;0;;611,55;1834,66;1
100.130.1178;UP210-R4-03003 TOROIDAL 4C D=3X9X50X4 R0.3;FRESA DE TOPO;FRESAMENTO;GESAC DO BRASIL;8;;37,45;137,06;3
100.110.4937;TCMT110204-MM-GP1105;INSERTO;TORNEAMENTO;GESAC DO BRASIL;8;;12,35;45,2;10
100.111.0567;TPGH090202L-P-GP91TF;INSERTO;TORNEAMENTO;GESAC DO BRASIL;8;;17,48;63,98;10
TM-4R-D1.5-R0.2;TOROIDAL 4C 55HRC D=1.5X4X50X4 R0.2;PARTES E ACESSORIOS PARA PORTA FERRAMENTAS;FRESAMENTO;SUPORTES BRASIL;0;;28,6;85,8;2
TM-2B-R5;ESFERICA 2C 55HRC D=10X10X75X20;PARTES E ACESSORIOS PARA PORTA FERRAMENTAS;FRESAMENTO;SUPORTES BRASIL;0;;112,2;336,6;1
TM-2B-R6;ESFERICA 2C 55HRC D=12X12X75X24;PARTES E ACESSORIOS PARA PORTA FERRAMENTAS;FRESAMENTO;SUPORTES BRASIL;0;;148,5;445,5;1
5520350;RNGJ1204M0EML WS30PM;INSERTO;FRESAMENTO;KENNAMETAL;8;;34,59;126,6;4
100.110.2738;HNMU0905ANEN-GM-GA4230;INSERTO;FRESAMENTO;GESAC DO BRASIL;8;;39,04;142,89;52
100.110.3148;LNMU090603-GM-GA4225;INSERTO;FRESAMENTO;GESAC DO BRASIL;8;;21,14;77,37;173
100.110.3155;LNMU090603-GM-GS4130;INSERTO;FRESAMENTO;GESAC DO BRASIL;8;;23,45;85,83;20
100.150.0730;MKC190-025R03P25-LN12HA D=25 LNMU1207 - OBS: LN12;SUPORTE;FRESAMENTO;GESAC DO BRASIL;0;;551,75;1655,26;2
100.110.0321;APKT113508R-GM-GA4230;INSERTO;TORNEAMENTO;GESAC DO BRASIL;8;;14,86;54,39;1
100.110.6660;WNMG080408-QM-GP1225;INSERTO;TORNEAMENTO;GESAC DO BRASIL;8;;16,12;59;1
3954426;XNGJ0704ANENLD-3W TN6525;INSERTO;FRESAMENTO;KENNAMETAL;8;;41,53;152;10
100.110.2400;GKD3004-MT-GA4230;INSERTO;TORNEAMENTO;GESAC DO BRASIL;8;;22;80,52;22
100.193.014;TT09PK CHAVE TORX T9;CHAVE;COMPONENTES;GESAC DO BRASIL;8;;14,76;44,28;3
100.193.005;TT07PK CHAVE TORX T7;CHAVE;COMPONENTES;GESAC DO BRASIL;8;;14,76;44,28;5
100.110.0289;APKT060204R-GM-GA4230;INSERTO;FRESAMENTO;GESAC DO BRASIL;8;;16,43;60,15;80
100.110.0101;16ERAG60-TC-GM3225;INSERTO;TORNEAMENTO;GESAC DO BRASIL;8;;16,73;61,22;30
3945;BDMT11T308ER-JT SF1215 R0,8;INSERTO;TORNEAMENTO;SOUZA FER;8;;17,25;57,64;10
220720;S12M SCLCR 09 - INT DIR CCMT09T3;SUPORTE;TORNEAMENTO;SUPORTES BRASIL;0;;80;240;1
100.110.6327;WNGU040308-GM-GP4225;INSERTO;FRESAMENTO;GESAC DO BRASIL;8;;33,41;122,28;30
100.110.6325;WNGU040308-GM-GM2140;INSERTO;FRESAMENTO;GESAC DO BRASIL;8;;40,82;149,4;7
100.110.6326;WNGU040308-GM-GP2115;INSERTO;FRESAMENTO;GESAC DO BRASIL;8;;40,82;149,4;20
100.150.0305;MEE190-025R04P25-WN04HA D=25 WNGU0403;SUPORTE;FRESAMENTO;GESAC DO BRASIL;0;;388,44;1165,33;2
100.150.0306;MEE190-032R05P32-WN04HA D=32 WNGU0403;SUPORTE;FRESAMENTO;GESAC DO BRASIL;0;;455,56;1366,68;2
100.150.0314;MEE190-050R07A22-WN04HA D=50 WNGU0403;SUPORTE;FRESAMENTO;GESAC DO BRASIL;0;;737,31;2211,93;1
100.150.0318;MEE190-080R07A27-WN08HA D=80 WNGU0806;SUPORTE;FRESAMENTO;GESAC DO BRASIL;0;;759,94;2279,82;2
100.150.0316;MEE190-063R06A22-WN08HA D=63 WNGU0806;SUPORTE;FRESAMENTO;GESAC DO BRASIL;0;;554,35;1663,06;2
190620;SUPORTE CNHT0703 D=20 Z3 H19 L150 - 93°;SUPORTE;TORNEAMENTO;GCTOOLS;0;;178;534;3
MCT617;MCT617 PINO WNMG08;PINO;COMPONENTES;SUPORTES BRASIL;10;;5;15;3
36961;SUPORTE LNMU0906 D=25 Z4 H24 L150 (MKC190);SUPORTE;TORNEAMENTO;GCTOOLS;0;;225;675;4
5274512;RNGJ10T3MOSMM WU35PM;INSERTO;FRESAMENTO;KENNAMETAL;8;;24,83;90,88;5
100.110.0668;CCGX09T304-AL-GN9120;INSERTO;TORNEAMENTO;GESAC DO BRASIL;8;;17,9;65,51;10
100.111.0055;CCMT060204-GP-GP31TM;INSERTO;TORNEAMENTO;GESAC DO BRASIL;8;;11,2;40,99;10
100.110.1104;CNMG120408-GM-GP1225;INSERTO;TORNEAMENTO;GESAC DO BRASIL;8;;12,42;57,46;30
100.110.1121;CNMG120408-LM-GM3225;INSERTO;TORNEAMENTO;GESAC DO BRASIL;8;;16,12;59;28
100.120.0050;D938-A3N-0330 D=3.3 3XD S/ REFRI;BROCA;FURAÇÃO;GESAC DO BRASIL;8;;91,92;336,43;3
100.120.0090;D938-A3N-0420 D=4.2 3XD S/ REFRI;BROCA;FURAÇÃO;GESAC DO BRASIL;8;;91,92;336,43;1
100.120.0125;D938-A3N-0500 D=5 3XD S/ REFRI;BROCA;FURAÇÃO;GESAC DO BRASIL;8;;95,28;348,71;1
100.120.0129;D938-A3N-0510 D=5.1 3XD S/ REFRI;BROCA;FURAÇÃO;GESAC DO BRASIL;8;;95,28;348,71;3
100.120.0145;D938-A3N-0550 D=5.5 3XD S/ REFRI;BROCA;FURAÇÃO;GESAC DO BRASIL;8;;95,28;348,71;5
100.120.0168;D938-A3N-0600 D=6 3XD S/ REFRI;BROCA;FURAÇÃO;GESAC DO BRASIL;8;;95,28;348,71;1
100.120.0200;D938-A3N-0680 D=6.8 3XD S/ REFRI;BROCA;FURAÇÃO;GESAC DO BRASIL;8;;98,73;361,37;2
100.120.0208;D938-A3N-0700 D=7 3XD S/ REFRI;BROCA;FURAÇÃO;GESAC DO BRASIL;8;;98,73;361,37;1
100.120.0252;D938-A3N-0800 D=8 3XD S/ REFRI;BROCA;FURAÇÃO;GESAC DO BRASIL;8;;99,75;365,09;2
100.150.0759;MKC190-063R07A22-LN09HA D=63 LNMU0906;SUPORTE;TORNEAMENTO;GESAC DO BRASIL;0;;970,43;2911,3;2
100.110.3153;LNMU090603-GM-GM2140;INSERTO;FRESAMENTO;GESAC DO BRASIL;8;;23,45;85,83;10
100.150.0981;GHD-155-3D-FC20-Q04ADB D=15.5 3XD QPMG040204;BROCA;FURAÇÃO;GESAC DO BRASIL;8;;595,38;1786,13;1
100.110.3300;QPMG060204-DP-GA4230;INSERTO;FURAÇÃO;GESAC DO BRASIL;8;;22,19;81,22;50
100.110.3309;QPMG07T306-DP-GA4230;INSERTO;FURAÇÃO;GESAC DO BRASIL;8;;23,66;86,6;30
100.110.3321;QPMG110408-DP-GA4230;INSERTO;FURAÇÃO;GESAC DO BRASIL;8;;26,48;96,92;10
100.110.3332;QPMG150512-DP-GA4230;INSERTO;FURAÇÃO;GESAC DO BRASIL;8;;34,65;126,82;10
100.110.6749;WNMG080412-QM-GP1115;INSERTO;TORNEAMENTO;GESAC DO BRASIL;8;;17,41;59;4
100.110.3286;QPMG040204-DP-GA4230;INSERTO;FURAÇÃO;GESAC DO BRASIL;8;;17,5;71,26;40
M12H24;HASTE M12 H24 L100;SUPORTE;TORNEAMENTO;GCTOOLS;0;;127;381;1
M12H25;HASTE M12 H25 L100;SUPORTE;TORNEAMENTO;GCTOOLS;0;;127;381;1
100.120.0792;D938-A5N-0880 D=8.8 5XD S/REFRI;BROCA;FURAÇÃO;GESAC DO BRASIL;8;;128,02;468,55;2
8725;SUPORTE LNMU0906 D=32 Z3 H25 L180 (MKC190);SUPORTE;TORNEAMENTO;LAZZARI;0;;196;588;3
19102;F-CALCO 171.31.850 - CNMG1204;CALÇO;COMPONENTES;BLACK TOOLS;10;;10;38,85;5
100.110.1913;DNMG110404-GM-GP1225;INSERTO;TORNEAMENTO;GESAC DO BRASIL;8;;9,42;34,48;10
100.111.0031;CCGT040102L-P-GP91TF;INSERTO;TORNEAMENTO;GESAC DO BRASIL;8;;23,24;85,06;10
100.110.2695;HNEU0604ANEN-GH-GM2140;INSERTO;TORNEAMENTO;GESAC DO BRASIL;8;;34,65;126,82;50
PTM3X8;PARAFUSO TORX M3 X 8;PARAFUSO;COMPONENTES;SUPORTES BRASIL;10;;1,5;5,5;29
3108487;SUPORTE LNMU0906 D=32 Z6 FC16 L40 (MKC190);SUPORTE;FRESAMENTO;WBRASIL;0;;100;300;1
100.120.0339;D938-A3N-1000 D=10 3XD S/ REFRI;BROCA;FURAÇÃO;GESAC DO BRASIL;8;;111,34;407,51;1
100.110.5358;TNMG160408R-SV-GP1225;INSERTO;TORNEAMENTO;GESAC DO BRASIL;8;;13,61;49,81;20
100.110.5242;TNMG160404-QM-GP1225;INSERTO;TORNEAMENTO;GESAC DO BRASIL;8;;14,24;52,12;11
100.110.6356;WNMA080404-GK1125;INSERTO;TORNEAMENTO;GESAC DO BRASIL;8;;16,33;59,77;10
100.110.3149;LNMU090603-GM-GA4230;INSERTO;FRESAMENTO;GESAC DO BRASIL;8;;23,45;85,83;70
100.110.3293;QPMG050204-DP-GA4230;INSERTO;FURAÇÃO;GESAC DO BRASIL;8;;20,73;75,87;18
100.110.6322;WNGU040308-GM-GA4230;INSERTO;TORNEAMENTO;GESAC DO BRASIL;8;;40,82;149,4;50
100.110.0403;APMT1135PDER-PM-GA4225;INSERTO;TORNEAMENTO;GESAC DO BRASIL;8;;10,77;39,42;40
100.150.0303;MEE190-020R03P20-WN04HA D=20 WNGU0403;SUPORTE;FRESAMENTO;GESAC DO BRASIL;0;;347,62;1042,85;3
100.120.0423;D938-A3N-1200 D=12 3XD S/ REFRI;BROCA;FURAÇÃO;GESAC DO BRASIL;8;;151,2;553,4;2
100.120.0624;D938-A5N-0330 D=3.3 5XD S/ REFRI;BROCA;FURAÇÃO;GESAC DO BRASIL;8;;103;377;4
100.120.0645;D938-A5N-0400 D=4 5XD S/ REFRI;BROCA;FURAÇÃO;GESAC DO BRASIL;8;;103;377;3
100.120.0651;D938-A5N-0420 D=4.2 5XD S/ REFRI;BROCA;FURAÇÃO;GESAC DO BRASIL;8;;103;377;5
100.120.0676;D938-A5N-0500 D=5 5XD S/ REFRI;BROCA;FURAÇÃO;GESAC DO BRASIL;8;;106,66;390,39;2
100.120.0709;D938-A5N-0600 D=6 5XD S/ REFRI;BROCA;FURAÇÃO;GESAC DO BRASIL;8;;106,66;390,39;4
100.120.0733;D938-A5N-0680 D=6.8 5XD S/ REFRI;BROCA;FURAÇÃO;GESAC DO BRASIL;8;;113,58;415,7;4
100.120.0739;D938-A5N-0700 D=7 5XD S/ REFRI;BROCA;FURAÇÃO;GESAC DO BRASIL;8;;113,58;415,7;2
100.120.0769;D938-A5N-0800 D=8 5XD S/ REFRI;BROCA;FURAÇÃO;GESAC DO BRASIL;8;;114,7;419,79;6
100.120.0783;D938-A5N-0850 D=8.5 5XD S/ REFRI;BROCA;FURAÇÃO;GESAC DO BRASIL;8;;128,02;468,55;2
100.120.0825;D938-A5N-1000 D=10 5XD S/ REFRI;BROCA;FURAÇÃO;GESAC DO BRASIL;8;;128,02;468,55;3
100.120.0831;D938-A5N-1020 D=10.2 5XD S/ REFRI;BROCA;FURAÇÃO;GESAC DO BRASIL;8;;172,45;631,18;4
100.120.2048;D938-A8C-0680 D=6.8 8XD C/ REFRI;BROCA;FURAÇÃO;GESAC DO BRASIL;8;;346,43;1267,94;2
100.110.1800;DCMT11T304-GP-GM1125;INSERTO;TORNEAMENTO;GESAC DO BRASIL;8;;12,35;45,2;20
100.110.2185;DNMG150608-QF-GP1115;INSERTO;TORNEAMENTO;GESAC DO BRASIL;8;;20,94;76,64;10
5188;MANDRIL APERTO RAPIDO CAPAC. 5,00 - 20,00MM - ENC. B22;PARTES E ACESSORIOS PARA MAQUINAS;FIXAÇÃO;BASFIX/ BTFIXO;0;;225,63;694,94;1
5697;APMT1135PDER-GS-F325U;INSERTO;TORNEAMENTO;SOUZA FER;8;;9,3;28,64;10
21154;SVJBL 2020 K16 - EXT ESQ VBMT16;INSERTO;TORNEAMENTO;CEDIFER;8;;130;390;1
100.110.6820;QTD1604-S-T-GH4115;INSERTO;TORNEAMENTO;GESAC DO BRASIL;8;;91,23;333,9;6
100.110.6674;WNMG080408-SM-GM1125;INSERTO;TORNEAMENTO;GESAC DO BRASIL;8;;16,12;59;10
100.110.6762;WNMG080412-SM-GM1125;INSERTO;TORNEAMENTO;GESAC DO BRASIL;8;;16,12;59;9
1873;SUPORTE LNMU0906 D=32 Z5 H25 L200 (MKC190);SUPORTE;TORNEAMENTO;LAZZARI;0;;270;810;2
100.110.6318;WNGU040304-GM-GM2140;INSERTO;FRESAMENTO;GESAC DO BRASIL;8;;40,82;149,4;30
100.150.0732;MKC190-025R04P25-LN09HA D=25 LNMU0906;SUPORTE;TORNEAMENTO;GESAC DO BRASIL;0;;528,16;1584,49;2
TM-2B-R0.5S;ESFERICA 2C 55HRC D=1X4X50X2;PARTES E ACESSORIOS PARA PORTA FERRAMENTAS;FRESAMENTO;SUPORTES BRASIL;0;;23,65;70,95;4
100.150.0721;MKC190-016R02P16-LN09HA D=16 LNMU0906;SUPORTE;TORNEAMENTO;GESAC DO BRASIL;0;;335;1005;4
30025;M170D080Z06F27 RDPX12T3;SUPORTE;FRESAMENTO;SUPORTES BRASIL;0;;220;660;1
100.110.0176;16IRAG60-TC-GM3225;INSERTO;TORNEAMENTO;GESAC DO BRASIL;8;;16,73;61,22;28
100.110.0263;ANKX160708R-GM-GP4225;INSERTO;TORNEAMENTO;GESAC DO BRASIL;8;;27,48;100,58;1
100.110.0287;APGT1135PDFR-AL-GN9125;INSERTO;FRESAMENTO;GESAC DO BRASIL;8;;16,54;60,54;70
100.110.0320;APKT113508R-GM-GA4225;INSERTO;FRESAMENTO;GESAC DO BRASIL;8;;13,4;49,04;50
2353;PORTA PINCA HASTE PARALELA 20,00MM X 200,00MM X DMC 08 (KOJEX);PARTES E ACESSORIOS PARA MAQUINAS;FIXAÇÃO;BASFIX/ BTFIXO;0;;531,32;1636,46;1
100.130.1581;SG200-BN2-06030 ESFERICA 2C D=6X30X75X6;FRESA;FRESAMENTO;GESAC DO BRASIL;8;;244,68;895,52;1
100.130.0201;UP210-R4-06010 TOROIDAL 4C D=6X16X50X6 R1;FRESA DE TOPO;FRESAMENTO;GESAC DO BRASIL;8;;46,38;169,74;6
36943;SUPORTE LNMU0906 D=16 Z2 H15 L150 (MKC190);SUPORTE;TORNEAMENTO;LAZZARI;0;;167;501;3
TM-2B-R3;ESFERICA 2C 55HRC D=6X6X60X12;PARTES E ACESSORIOS PARA PORTA FERRAMENTAS;FRESAMENTO;SUPORTES BRASIL;0;;38,5;115,5;3
2499570;754503002LT RETA 4C 50° D=3X6X50X4.5;FRESA DE TOPO;FRESAMENTO;KENNAMETAL;8;;100,26;366,95;3
TM-2B-R4;ESFERICA 2C 55HRC D=8X8X60X16;PARTES E ACESSORIOS PARA PORTA FERRAMENTAS;FRESAMENTO;SUPORTES BRASIL;0;;71,5;214,5;3
100.130.0095;UP210-B2-04008 ESFERICA 2C D=4X8X50X4;FRESA DE TOPO;FRESAMENTO;GESAC DO BRASIL;8;;26,05;128,52;26
100.130.0199;UP210-R4-06005 TOROIDAL 4C D=6X16X50X6 R0.5;FRESA DE TOPO;FRESAMENTO;GESAC DO BRASIL;8;;46,38;169,74;25
100.130.0294;UP210-S4-06016 RETA 4C D=6X16X50X6;FRESA DE TOPO;FRESAMENTO;GESAC DO BRASIL;8;;35,52;130;23
100.130.0483;UP210-B2-06012 ESFERICA 2C D=6X12X50X6;FRESA DE TOPO;FRESAMENTO;GESAC DO BRASIL;8;;45,06;164,92;38
100.130.0665;UP210-S4-08020 RETA 4C D=8X20X60X8;FRESA DE TOPO;FRESAMENTO;GESAC DO BRASIL;8;;60,45;221,25;35
100.130.1787;SH260-B2-6-9-H ESFERICA 2C D=6X9X50X6;FRESA DE TOPO;FRESAMENTO;GESAC DO BRASIL;8;;76,42;279,69;5
100.130.2065;SH260-R4-8-1-H TOROIDAL 4C D=8X20X60X8 R1;FRESA DE TOPO;FRESAMENTO;GESAC DO BRASIL;8;;111,25;407,2;2
100.130.2347;SH260-S4-6-15-H RETA 4C D=6X15X50X6;FRESA DE TOPO;FRESAMENTO;GESAC DO BRASIL;8;;71,14;260,37;9
100.130.3337;SH300-S4-12030-H RETA 4C D=12X30X75X12;FRESA DE TOPO;FRESAMENTO;GESAC DO BRASIL;8;;268,31;982,01;1
100.130.3482;SH300-S6-10025-H RETA 6C D=10X25X75X10;FRESA DE TOPO;FRESAMENTO;GESAC DO BRASIL;8;;287,88;1053,64;1
100.120.0202;D918S-A3N-0680 D=6.8 3XD S/ REFRI;BROCA;FURAÇÃO;GESAC DO BRASIL;8;;118,56;433,94;1
100.120.0275;D918S-A3N-0850 D=8.5 3XD S/ REFRI;BROCA;FURAÇÃO;GESAC DO BRASIL;8;;133,51;488,64;2
100.110.2692;HNEU0604ANEN-GH-GA4230;INSERTO;FRESAMENTO;GESAC DO BRASIL;8;;34,65;126,82;20
100.110.3132;LNMT110608-GM-GP4225;INSERTO;FRESAMENTO;GESAC DO BRASIL;8;;19,2;70,27;10
100.150.0308;MEE190-040R03P32-WN08HA D=40 WNGU0806;INSERTO;TORNEAMENTO;GESAC DO BRASIL;8;;352,53;1057,58;3
100.150.0310;MEE190-040R06P32-WN04HA D=40 WNGU0403;INSERTO;TORNEAMENTO;GESAC DO BRASIL;8;;631,39;1894,17;1
100.150.0454;MFB245-080L05A27-SN12HA D=80 SN*U1206 A - ESQUERDO;INSERTO;TORNEAMENTO;GESAC DO BRASIL;8;;693,88;2081,65;2
100.150.0462;MFB245-100L06B32-SN12HA D=100 SN*U1206 A - ESQUERDO;INSERTO;TORNEAMENTO;GESAC DO BRASIL;8;;728,07;2184,2;1
100.150.0731;MKC190-025R04M12-LN09HA D=25 LNMU0906 ROSCADO;INSERTO;TORNEAMENTO;GESAC DO BRASIL;8;;335,78;1007,34;1
100.150.0741;MKC190-032R05P32-LN09HA D=32 LNMU0906;INSERTO;TORNEAMENTO;GESAC DO BRASIL;8;;699,08;2097,25;6
100.110.3327;QPMG130408-DP-GA4230;INSERTO;FURAÇÃO;GESAC DO BRASIL;8;;30,67;112,25;10
PTM4X12;PARAFUSO TORX M4 X 12;PARAFUSO;FIXAÇÃO;SUPORTES BRASIL;10;;1,5;6;6
100.130.0086;UP210-B2-01503 ESFERICA 2C D=1.5X3X50X4;FRESA DE TOPO;FRESAMENTO;GESAC DO BRASIL;8;;35,11;128,52;25
100.110.4742;SPMT09T308-CM-GA4230;INSERTO;TORNEAMENTO;GESAC DO BRASIL;8;;12,14;44,43;50
100.110.2413;GKD4004-MT-GA4230;INSERTO;TORNEAMENTO;GESAC DO BRASIL;8;;24,06;88,06;20
100.150.0602;MFA143-063R05A22-OD06HA D=63 OD**0605;SUPORTE;TORNEAMENTO;GESAC DO BRASIL;0;;464,23;1392,68;2
100.110.3238;ODKT060508-GM-GK2115;INSERTO;TORNEAMENTO;GESAC DO BRASIL;8;;45,22;165,51;30
220321;SEKT12T3-AGSN-PM UN330;INSERTO;TORNEAMENTO;UNIK7;8;;15,7;48,35;10
100.150.0576;MFB288-080R07A27-SN12HA D=80 SN*U1206 Z;SUPORTE;TORNEAMENTO;GESAC DO BRASIL;0;;1088,87;3266,62;1
35068;4NKT060308R-M AX325U;INSERTO;TORNEAMENTO;GCTOOLS;8;;18;65,88;42
100.110.2744;HNMU0906ANEN-GH-GM2140 - OBS: 0906;INSERTO;TORNEAMENTO;GESAC DO BRASIL;8;;42,82;156,73;10
100.130.0213;UP210-RH4-08005 TOROIDAL 4C D=8X20X100X8 R0.5;FRESA DE TOPO;FRESAMENTO;GESAC DO BRASIL;8;;61,21;286,88;3
100.130.0216;UP210-RH4-10005 TOROIDAL 4C D=10X25X100X10 R0.5;FRESA DE TOPO;FRESAMENTO;GESAC DO BRASIL;8;;128,03;468,6;5
2170000007;SPMT120408 UN300;INSERTO;TORNEAMENTO;UNIK7;8;;22,98;70,77;30
5826016;40040100T004 RETA 4C 30° D=1X3X38X4;FRESA DE TOPO;FRESAMENTO;KENNAMETAL;8;;26,79;98,05;7
100.110.3344;QTD2005-GA4225;INSERTO;FRESAMENTO;GESAC DO BRASIL;8;;82,9;303,41;4
100.130.1852;SH260-BH2-1-75-H-6-F ESFERICA 2C D=1X2X75X6;FRESA DE TOPO;FRESAMENTO;GESAC DO BRASIL;8;;92,25;337,63;1
100.130.1814;SH260-BH2-2-60-H ESFERICA 2C D=2X3X60X4;FRESA DE TOPO;FRESAMENTO;GESAC DO BRASIL;8;;69,11;252,95;2
100.130.1816;SH260-BH2-3-60-H ESFERICA 2C D=3X4,5X60X4;FRESA DE TOPO;FRESAMENTO;GESAC DO BRASIL;8;;69,11;252,95;5
100.130.1817;SH260-BH2-4-75-H ESFERICA 2C D=4X6X75X4;FRESA DE TOPO;FRESAMENTO;GESAC DO BRASIL;8;;72,36;264,83;1
100.130.1822;SH260-BH2-5-60-H ESFERICA 2C D=5X7,5X60X6;FRESA DE TOPO;FRESAMENTO;GESAC DO BRASIL;8;;80,68;219,08;10
100.130.1826;SH260-BH2-6-75-H ESFERICA 2C D=6X9X75X6;FRESA DE TOPO;FRESAMENTO;GESAC DO BRASIL;8;;88,9;325,37;10
100.130.1835;SH260-BH2-8-75-H ESFERICA 2C D=8X12X75X8;FRESA DE TOPO;FRESAMENTO;GESAC DO BRASIL;8;;113,48;415,32;4
100.130.2033;SH260-R4-4-0.5-H TOROIDAL 4C D=4X10X50X4 R0.5;FRESA DE TOPO;FRESAMENTO;GESAC DO BRASIL;8;;68,6;251,09;3
100.130.2041;SH260-R4-5-0.5-H TOROIDAL 4C D=5X13X50X6 R0.5;FRESA DE TOPO;FRESAMENTO;GESAC DO BRASIL;8;;81,8;299,37;10
100.130.2051;SH260-R4-6-0.5-H TOROIDAL 4C D=6X15X50X6 R0.5;FRESA DE TOPO;FRESAMENTO;GESAC DO BRASIL;8;;81,8;299,37;3
100.130.2061;SH260-R4-8-0.5-H TOROIDAL 4C D=8X20X60X8 R0.5;FRESA DE TOPO;FRESAMENTO;GESAC DO BRASIL;8;;111,25;407,2;3
100.130.2123;SH260-RH4-4-75-0.5-H TOROIDAL 4C D=4X10X75X4 R0.5;FRESA DE TOPO;FRESAMENTO;GESAC DO BRASIL;8;;74,19;271,52;6
100.130.2132;SH260-RH4-5-60-0.5-H TOROIDAL 4C D=5X13X60X6 R0.5;FRESA DE TOPO;FRESAMENTO;GESAC DO BRASIL;8;;90,22;330,2;10
100.130.2085;SH260-R4-12-0.5-H TOROIDAL 4C D=12X30X75X12 R0.5;FRESA DE TOPO;FRESAMENTO;GESAC DO BRASIL;8;;224,92;823,22;2
100.110.3760;SCMT09T304-GP-GP1115;INSERTO;TORNEAMENTO;GESAC DO BRASIL;8;;11,83;43,3;20
100.130.1792;SH260-B2-8-12-H ESFERICA 2C D=8X12X60X8;FRESA DE TOPO;FRESAMENTO;GESAC DO BRASIL;8;;103,93;380,38;2
100.130.1794;SH260-B2-10-15-H ESFERICA 2C D=10X15X75X10;FRESA DE TOPO;FRESAMENTO;GESAC DO BRASIL;8;;178,74;654,2;2
100.130.0682;SP210-S4-16036 RETA 4C D=16X36X100X16;FRESA DE TOPO;FRESAMENTO;GESAC DO BRASIL;8;;371,37;1359,22;2
100.130.0672;SP210-S4-10025 RETA 4C D=10X25X75X10;FRESA DE TOPO;FRESAMENTO;GESAC DO BRASIL;8;;157,92;577,99;2
100.130.0663;SP210-S4-08020 RETA 4C D=8X20X60X8;FRESA DE TOPO;FRESAMENTO;GESAC DO BRASIL;8;;89,95;329,22;2
100.130.0654;SP210-S4-06016 RETA 4C D=6X16X50X6;FRESA DE TOPO;FRESAMENTO;GESAC DO BRASIL;8;;59,57;218,03;1
100.110.4080;SNEU1206ANSN-GH-GK2115;INSERTO;TORNEAMENTO;GESAC DO BRASIL;8;;26,06;95,38;10
100.120.0960;D938-A5N-1600 D=16 5XD S/ REFRI;BROCA;FURAÇÃO;GESAC DO BRASIL;8;;337,59;1235,56;2
5551202;FRESA TOROIDAL 55HRC 4C D=12X45X100X12 R0.5;FRESA DE TOPO;FRESAMENTO;HEINZ TOOLS;8;;253,36;780,37;1
100.130.1795;SH260-B2-12-18-H ESFERICA 2C D=12X18X75X12;FRESA DE TOPO;FRESAMENTO;GESAC DO BRASIL;8;;210,27;769,59;2
100.130.2023;SH260-R4-3-0.5-H TOROIDAL 4C D=3X8X50X4 R0.5;FRESA DE TOPO;FRESAMENTO;GESAC DO BRASIL;8;;68,6;251,09;4
100.110.0956;CNMA120408-GK1115;INSERTO;TORNEAMENTO;GESAC DO BRASIL;8;;16,02;58,63;18
100.130.2162;SH260-RH4-8-75-0.5-H TOROIDAL 4C D=8X20X75X8 R0.5;FRESA DE TOPO;FRESAMENTO;GESAC DO BRASIL;8;;124,85;456,95;2
100.130.2169;SH260-RH4-8-75-1-H TOROIDAL 4C D=8X20X75X8 R1;FRESA DE TOPO;FRESAMENTO;GESAC DO BRASIL;8;;124,85;456,95;10
100.130.2179;SH260-RH4A-10-100-0.5-H TOROIDAL 4C D=10X25X100X10 R0.5;FRESA DE TOPO;FRESAMENTO;GESAC DO BRASIL;8;;219,81;804,52;3
4148153;VDS202A03600 WU25PD D=3,6 5XD SEM REFRI;BROCA;FRESAMENTO;KENNAMETAL;8;;115,41;422,4;2
100.130.2322;SH260-S4-1-2.5-H RETA 4C D=1X2,5X50X4;FRESA DE TOPO;FRESAMENTO;GESAC DO BRASIL;8;;59,57;218,03;5
100.130.2328;SH260-S4-2-5-H RETA 4C D=2X5X50X4;FRESA DE TOPO;FRESAMENTO;GESAC DO BRASIL;8;;59,57;218,03;2
100.130.2335;SH260-S4-3-8-H RETA 4C D=3X8X50X4;FRESA DE TOPO;FRESAMENTO;GESAC DO BRASIL;8;;59,57;218,03;15
100.130.2339;SH260-S4-4-10-H RETA 4C D=4X10X50X4;FRESA DE TOPO;FRESAMENTO;GESAC DO BRASIL;8;;59,57;218,03;2
100.130.2343;SH260-S4-5-13-H RETA 4C D=5X13X50X6;FRESA DE TOPO;FRESAMENTO;GESAC DO BRASIL;8;;71,14;260,37;9
100.130.2352;SH260-S4-8-20-H RETA 4C D=8X20X60X8;FRESA DE TOPO;FRESAMENTO;GESAC DO BRASIL;8;;91,2;333,81;5
100.130.2375;SH260-S4A-16-45-H RETA 4C D=16X45X100X16;FRESA DE TOPO;FRESAMENTO;GESAC DO BRASIL;8;;429,03;1570,23;1
100.130.2571;SH260-SH6-6-60-H RETA 6C D=6X15X60X6;FRESA DE TOPO;FRESAMENTO;GESAC DO BRASIL;8;;94,18;344,69;4
100.130.0756;SH260-SH6-8-75-H RETA 6C D=8X20X75X8;FRESA DE TOPO;FRESAMENTO;GESAC DO BRASIL;8;;110,11;402,97;4
100.130.2569;SH260-SL6-16-80-H RETA 6C D=16X80X150X16;FRESA DE TOPO;FRESAMENTO;GESAC DO BRASIL;8;;660,12;2416,04;2
100.130.2989;SH300-BN2-06015F-H ESFERICA 2C D=6X15X75X6;FRESA DE TOPO;FRESAMENTO;GESAC DO BRASIL;8;;166,03;607,66;2
100.130.2992;SH300-BN2-08020E-H ESFERICA 2C D=8X20X75X8;FRESA DE TOPO;FRESAMENTO;GESAC DO BRASIL;8;;194,17;710,66;2
100.130.3081;SH300-R4-06005-H TOROIDAL 4C D=6X15X50X6 R0.5;FRESA DE TOPO;FRESAMENTO;GESAC DO BRASIL;8;;165,83;450,25;1
100.130.3086;SH300-R4-08005E-H TOROIDAL 4C D=8X20X75X8 R0.5;FRESA DE TOPO;FRESAMENTO;GESAC DO BRASIL;8;;201,79;738,54;2
100.195.0021;SI60M025080-03510H PARAFUSO 2,5X8;PARAFUSO;COMPONENTES;GESAC DO BRASIL;10;;6,42;19,26;30
APTK0612;SUPORTE APKT0602 D=12 Z2 H11 L120;SUPORTE;TORNEAMENTO;GCTOOLS;0;;126;378;2
100.110.6588;WNMG080408-HK-GK1125;INSERTO;TORNEAMENTO;GESAC DO BRASIL;8;;16,75;61,31;30
4158500;GT225021 WP31MG MACHO M10 X 1.5;MACHO;ROSQUEAMENTO;KENNAMETAL;8;;310,11;1135;2
100.110.1924;DNMG110404-QM-GP1225;INSERTO;TORNEAMENTO;GESAC DO BRASIL;8;;10,78;39,45;8
23591;SIL 0016 16 - INT ESQ 16IR;SUPORTE;ROSQUEAMENTO;SUPORTES BRASIL;0;;132;396;1
90221;TPKN1603PDTR UN330;INSERTO;TORNEAMENTO;UNIK7;8;;14,4;44,35;10
100.195.0052;SI60M040110-05510IS PARAFUSO 4,0X11;PARAFUSO;COMPONENTES;GESAC DO BRASIL;10;;20,29;60,87;29
100.110.2422;GKD4020-MR-GP1105;INSERTO;TORNEAMENTO;GESAC DO BRASIL;8;;24,06;88,06;20
100.110.0273;ANKX160716R-GM-GA4225;INSERTO;TORNEAMENTO;GESAC DO BRASIL;8;;30,57;111,89;10
100.150.0364;MCA145-032R03W32-SP12HA D=32 SPMT120408-CM;SUPORTE;TORNEAMENTO;GESAC DO BRASIL;0;;249,2;747,61;1
100.110.4745;SPMT120408-CM-GA4225;INSERTO;TORNEAMENTO;GESAC DO BRASIL;8;;11,72;42,9;30
100.195.0070;SI60M050140-07010B PARAFUSO 5,0X14;PARAFUSO;COMPONENTES;GESAC DO BRASIL;10;;31,71;95,13;32
100.110.4098;SNEU1206ZNEN-GM-GM2140;INSERTO;FRESAMENTO;GESAC DO BRASIL;8;;28,89;105,74;20
100.110.4100;SNEU1206ZNEN-GM-GP4225;INSERTO;FRESAMENTO;GESAC DO BRASIL;8;;23,43;85,77;40
100.110.4881;TCGX16T304-AL-GN9120;INSERTO;TORNEAMENTO;GESAC DO BRASIL;8;;18,21;66,65;10
100.110.5230;TNMG160404-QF-GP1115;INSERTO;TORNEAMENTO;GESAC DO BRASIL;8;;14,24;52,12;1
100.110.5343;TNMG160408-QM-GP1115;INSERTO;TORNEAMENTO;GESAC DO BRASIL;8;;14,24;52,12;1
100.110.5379;TNMG160408-YF-GM3220;INSERTO;TORNEAMENTO;GESAC DO BRASIL;8;;15,6;57,1;30
100.110.5540;TNMX160408-WMV-GP1105;INSERTO;TORNEAMENTO;GESAC DO BRASIL;8;;16,33;59,77;60
100.110.5579;TPGH090204L-P-GS3125;INSERTO;TORNEAMENTO;GESAC DO BRASIL;8;;17,32;63,38;5
100.110.5595;TPGH110304L-P-GS3125;INSERTO;TORNEAMENTO;GESAC DO BRASIL;8;;17,32;63,38;5
100.193.009;TT08PD CHAVE TORX T8;CHAVE;COMPONENTES;GESAC DO BRASIL;8;;15,79;47,37;8
100.193.023;TT15PD CHAVE TORX T15;CHAVE;COMPONENTES;GESAC DO BRASIL;8;;8,73;26,19;4
100.193.038;TT20TQS CHAVE TORX T20;CHAVE;COMPONENTES;GESAC DO BRASIL;8;;42,75;128,25;10
100.130.0084;UP210-B2-01002 ESFERICA 2C D=1X2X50X4;FRESA DE TOPO;FRESAMENTO;GESAC DO BRASIL;8;;35,11;128,52;14
100.130.0088;UP210-B2-02004 ESFERICA 2C D=2X4X50X4;FRESA DE TOPO;FRESAMENTO;GESAC DO BRASIL;8;;35,11;128,52;40
100.130.0092;UP210-B2-03006 ESFERICA 2C D=3X6X50X4;FRESA DE TOPO;FRESAMENTO;GESAC DO BRASIL;8;;35,11;128,52;34
100.130.0480;UP210-B2-05010 ESFERICA 2C D=5X10X50X6;FRESA DE TOPO;FRESAMENTO;GESAC DO BRASIL;8;;45,06;164,92;12
100.130.0484;UP210-B2-07014 ESFERICA 2C D=7X14X60X8;FRESA DE TOPO;FRESAMENTO;GESAC DO BRASIL;8;;73,47;268,92;11
100.130.0486;UP210-B2-08014 ESFERICA 2C D=8X14X60X8;FRESA DE TOPO;FRESAMENTO;GESAC DO BRASIL;8;;69,8;255,47;37
100.130.0101;UP210-B2-10018 ESFERICA 2C D=10X18X75X10;FRESA DE TOPO;FRESAMENTO;GESAC DO BRASIL;8;;138,54;507,06;7
100.130.0103;UP210-B2-12022 ESFERICA 2C D=12X22X75X12;FRESA DE TOPO;FRESAMENTO;GESAC DO BRASIL;8;;164,09;600,57;4
201610;UD30.SP06.190.W25 D=19 SPMG06;BROCA;FURAÇÃO;SUPORTES BRASIL;8;;510;1530;1
100.110.6420;WNMG060408-QM-GP1115;INSERTO;TORNEAMENTO;GESAC DO BRASIL;8;;13,5;49,41;60
100.130.0090;UP210-B2-02505 ESFERICA 2C D=2.5X5X50X4;FRESA DE TOPO;FRESAMENTO;GESAC DO BRASIL;8;;35,11;128,52;20
100.130.0945;UA100-S2-06012 RETA 2C D=6X12X50X6;FRESA DE TOPO;FRESAMENTO;GESAC DO BRASIL;8;;37,85;138,54;2
100.130.0443;UA100-S2-09023 RETA 2C D=9X23X75X10;FRESA DE TOPO;FRESAMENTO;GESAC DO BRASIL;8;;108,65;397,67;3
100.110.1457;CNMG190616-QM-GP1225;INSERTO;TORNEAMENTO;GESAC DO BRASIL;8;;36,53;133,7;9
100.130.1771;SH260-B2-1-1.5-H ESFERICA 2C D=1X1.5X50X4;FRESA DE TOPO;FRESAMENTO;GESAC DO BRASIL;8;;64,14;234,75;4
100.130.1773;SH260-B2-1.5-2.5-H ESFERICA 2C D=1.5X2.5X50X4;FRESA DE TOPO;FRESAMENTO;GESAC DO BRASIL;8;;64,14;234,75;4
MGEHL-16B-2M30;MGEHL 2020 2T17 - EXT ESQ MGM2 (GKD 2);SUPORTE;TORNEAMENTO;SUPORTES BRASIL;0;;110;330;1
3669;SUPORTE APKT1135 D=12 Z1 H12 L130;SUPORTE;TORNEAMENTO;LAZZARI;0;;115;363,15;3
100.110.5222;TNMG160404L-SV-GP1225;INSERTO;TORNEAMENTO;GESAC DO BRASIL;8;;13,61;49,81;20
100.110.6328;WNGU040308-GM-GS4130;INSERTO;TORNEAMENTO;GESAC DO BRASIL;8;;40,82;149,4;20
XD09;XDMT090308 OP1215;INSERTO;TORNEAMENTO;GCTOOLS;8;;16,3;50,2;22
210221;MGEHR 1616 2T15 - EXT DIR MGM2 (GKD 2);SUPORTE;TORNEAMENTO;SUPORTES BRASIL;0;;110;330;1
7941;SUPORTE LNMU0906 D=32 M16 Z5 (MKC190) ROSCADO;SUPORTE;TORNEAMENTO;GCTOOLS;0;;360;1080;2
271120;CNHT070408 RW1325;INSERTO;TORNEAMENTO;GCTOOLS;8;;28,7;86,1;10
5110000075;DGR3102 KLP 1550;INSERTO;TORNEAMENTO;UNIK7;8;;19,77;60,89;10
100.110.4767;TBGT060102L-P-GS3125;INSERTO;TORNEAMENTO;GESAC DO BRASIL;8;;22,49;82,32;5
19281;F-PARAFUSO 5512.090.01 (R166 P/ CALÇO);PARAFUSO;FIXAÇÃO;BLACK TOOLS;10;;18;58,05;1
100.110.1954;DNMG110408-QM-GP1225;INSERTO;TORNEAMENTO;GESAC DO BRASIL;8;;10,78;39,45;10
T1000C;CHAVE TORX 10 - CABO;CHAVE;COMPONENTES;SUPORTES BRASIL;8;;10;30;1
PTM4,5X12;PARAFUSO TORX M4,5 X 12;PARAFUSO;FIXAÇÃO;SUPORTES BRASIL;10;;1,5;6;20
100.110.6043;VCMT110308-GP-GM1125;INSERTO;TORNEAMENTO;GESAC DO BRASIL;8;;18,84;68,95;10
3730;PORTA FRESA ROSCADO BT 40 X M 12 (L=300MM) (L1=273MM)- 12.000RPM;PARTES E ACESSORIOS PARA MAQUINAS;FIXAÇÃO;BASFIX/ BTFIXO;0;;472,33;1454,77;1
100.130.0112;UP210-BH2-04008 ESFERICA 2C D=4X8X75X4;FRESA DE TOPO;FRESAMENTO;GESAC DO BRASIL;8;;38,36;140,4;11
PTM2,2X5;PARAFUSO TORX M2,2 X 5;PARAFUSO;FIXAÇÃO;SUPORTES BRASIL;10;;1,5;5;36
6568512;024111-000040 K10F-DIA ESF 2C 20° D=4X6X20X65X4;FRESA DE TOPO;FRESAMENTO;KENNAMETAL;8;;250,45;916,65;11
4166576;VBMT110304-1P TN20P;INSERTO;TORNEAMENTO VALUE;KENNAMETAL;8;;21,41;78,36;50
01547P;HASTE BT 40 X REDUCAO CM 4 - COM ARRASTE;PARTES E ACESSORIOS PARA MAQUINAS;FIXAÇÃO;BASFIX/ BTFIXO;0;;160,06;492,98;1
5110000076;DGR2102 KLP 1550;INSERTO;TORNEAMENTO;UNIK7;8;;21,61;66,55;10
100.110.3519;RDEW12T3M0T-BM-GA4225;INSERTO;TORNEAMENTO;GESAC DO BRASIL;8;;10,2;37,33;29
5910033;HNEC0905ANSN WK25YM;INSERTO;FRESAMENTO;KENNAMETAL;8;;47,03;172,13;5
5530407;FRESA ESFERICA 55HRC 2C D=4X8X50 H6;FRESA DE TOPO;FRESAMENTO;HEINZ TOOLS;8;;46,19;142,29;4
WCT515;WCT515 PINO WTJN16;PARAFUSO;COMPONENTES;SUPORTES BRASIL;10;;10;30;12
MB5500510040502F;FRESA ESFERICA 55HRC 2C D=0.5X1X4X50MM;FRESA DE TOPO;FRESAMENTO;UNIK7;8;;33,42;122,32;2
BN5501002060752F;FRESA ESFERICA 55HRC 2C D=1X2X6X75MM;FRESA DE TOPO;FRESAMENTO;UNIK7;8;;28,62;104,76;2
BN5501503040752F;FRESA ESFERICA 55HRC 2C D=1.5X3X4X75MM;FRESA DE TOPO;FRESAMENTO;UNIK7;8;;28,62;104,76;5
CR550601506075R054F;FRESA TOROIDAL 55HRC 4C D=6X15X6X75MM R0,5;FRESA DE TOPO;FRESAMENTO;UNIK7;8;;56,12;205,4;2
CR551203012100R054F;FRESA TOROIDAL 55HRC 4C D=12X30X12X100MM R0,5;FRESA DE TOPO;FRESAMENTO;UNIK7;8;;209,36;766,24;1
62105;UD30.SP05.150.W20 D=15 SPMG05;BROCA;FURAÇÃO;SUPORTES BRASIL;8;;500;1500;1
S16R-2M;MGIVR 2016 2 - INT DIR MGM2 (GKD2);SUPORTE;TORNEAMENTO;SUPORTES BRASIL;0;;140;420;1
100.120.0871;D938-A5N-1150 D=11.5 5XD S/ REFRI;BROCA;FURAÇÃO;GESAC DO BRASIL;8;;151,94;631,18;1
5675L;FRESA ESFERICA 45HRC 2C D=5X6X76X14 LONGA;FRESA DE TOPO;FRESAMENTO;KENNAMETAL;8;;35;113,4;9
100.110.0252;ANKX160708R-GL-GK4125;INSERTO;TORNEAMENTO;GESAC DO BRASIL;8;;34,02;124,51;10
D204NKT;SUPORTE 4NKT0603 D=20 Z3 H19 L150;SUPORTE;TORNEAMENTO;GCTOOLS;0;;203;609;1
54097;S25T SVUCR 11 - INT DIR VCMT1103;SUPORTE;TORNEAMENTO;CEDIFER;0;;175,86;527,58;1
11060033;BARRA DE CHANFRAR 45º - BM01R1676;SUPORTE;FRESAMENTO;GAUBE;0;;197;591;6
100.110.5342;TNMG160408-QM-GP1105;INSERTO;TORNEAMENTO;GESAC DO BRASIL;8;;14,24;52,12;10
BN5502504040502F;FRESA ESFERICA 55HRC 2C D=2.5X4X4X50MM;FRESA DE TOPO;FRESAMENTO;KENNAMETAL;8;;17;62,21;2
5826031;40240500T031 RETA 4C 30° D=5X5X100X31;FRESA DE TOPO;FRESAMENTO;KENNAMETAL;8;;56,5;180;4
100.110.0242;ANKX120708R-GM-GH4125;INSERTO;TORNEAMENTO;GESAC DO BRASIL;8;;29,94;109,58;4
100.110.6694;WNMG080408-WMV-GP1105;INSERTO;TORNEAMENTO;GESAC DO BRASIL;8;;19,16;70,13;9
100.110.6699;WNMG080408-YF-GM3225;INSERTO;TORNEAMENTO;GESAC DO BRASIL;8;;16,12;59;18
32ER170;32ER170M ER D=17;PARTES E ACESSORIOS PARA MAQUINAS;FIXAÇÃO;BASFIX/ BTFIXO;0;;26,32;81,21;1
3669645;606249 SCREW BHCS M5X0,8X12;PARAFUSO;COMPONENTES;KENNAMETAL;10;;2,79;10,21;18
4675L;FRESA ESFERICA 45HRC 2C D=4X6X75X11 LONGA;FRESA DE TOPO;FRESAMENTO;HEINZ TOOLS;8;;35;124,74;1
100.130.0499;UP210-BH2-06012 ESFERICA 2C D=6X12X75X6;FRESA DE TOPO;FRESAMENTO;GESAC DO BRASIL;8;;55,21;202,06;18
100.130.1028;UP210-BH2-08014 ESFERICA 2C D=8X14X100X8;FRESA DE TOPO;FRESAMENTO;GESAC DO BRASIL;8;;94,19;344,75;5
100.130.0183;UP210-R4-03005 TOROIDAL 4C D=3X9X50X4 R0.5;FRESA DE TOPO;FRESAMENTO;GESAC DO BRASIL;8;;34,1;124,8;29
100.130.0187;UP210-R4-04005 TOROIDAL 4C D=4X11X50X4 R0.5;FRESA DE TOPO;FRESAMENTO;GESAC DO BRASIL;8;;34,1;124,8;35
100.130.0194;UP210-R4-05005 TOROIDAL 4C D=5X13X50X6 R0.5;FRESA DE TOPO;FRESAMENTO;GESAC DO BRASIL;8;;46,38;169,74;10
100.130.0555;UP210-R4-08005 TOROIDAL 4C D=8X20X60X8 R0.5;FRESA DE TOPO;FRESAMENTO;GESAC DO BRASIL;8;;69,8;255,47;41
100.130.0205;UP210-R4-10005 TOROIDAL 4C D=10X25X75X10 R0.5;FRESA DE TOPO;FRESAMENTO;GESAC DO BRASIL;8;;90,42;423,79;16
100.130.1227;UP210-R4-12005 TOROIDAL 4C D=12X30X75X12 R0.5;FRESA DE TOPO;FRESAMENTO;GESAC DO BRASIL;8;;162,64;595,28;5
100.130.0277;UP210-S4-01003 RETA 4C D=1X3X50X4;FRESA DE TOPO;FRESAMENTO;GESAC DO BRASIL;8;;25,68;93,97;25
100.130.0281;UP210-S4-02006 RETA 4C D=2X6X50X4;FRESA DE TOPO;FRESAMENTO;GESAC DO BRASIL;8;;25,68;93,97;12
100.130.0285;UP210-S4-03009 RETA 4C D=3X9X50X4;FRESA DE TOPO;FRESAMENTO;GESAC DO BRASIL;8;;25,68;93,97;19
100.130.0289;UP210-S4-04011 RETA 4C D=4X11X50X4;FRESA DE TOPO;FRESAMENTO;GESAC DO BRASIL;8;;25,68;93,97;27
100.130.0660;UP210-S4-07020 RETA 4C D=7X20X60X8;FRESA DE TOPO;FRESAMENTO;GESAC DO BRASIL;8;;63,63;232,89;7
100.130.1451;UP210-S4-16036 RETA 4C D=16X36X100X16;FRESA DE TOPO;FRESAMENTO;GESAC DO BRASIL;8;;277,37;1015,18;9
100.130.1462;UP210-S4-20045 RETA 4C D=20X45X100X20;FRESA DE TOPO;FRESAMENTO;GESAC DO BRASIL;8;;418,04;1530;1
100.110.5837;VBMT160404-GP-GP1115;INSERTO;TORNEAMENTO;GESAC DO BRASIL;8;;22,92;83,89;19
100.110.6315;WNGU040304-GM-GA4230;INSERTO;FRESAMENTO;GESAC DO BRASIL;8;;40,82;149,4;47
100.110.6336;WNGU080608-GM-GA4230;INSERTO;FRESAMENTO;GESAC DO BRASIL;8;;43,96;160,89;30
100.110.6342;WNGU080608-GM-GS4130;INSERTO;FRESAMENTO;GESAC DO BRASIL;8;;43,96;160,89;10
100.110.6404;WNMG060408-GM-GP1225;INSERTO;TORNEAMENTO;GESAC DO BRASIL;8;;12,98;47,51;20
7575;MACHO M4 X 0,70MM*REF:250/2 - CEGO OSG;MACHO;ROSQUEAMENTO;GMF;8;;48,82;162,39;1
7580;MACHO M5 X 0,80MM*REF:250/2 - CEGO OSG;MACHO;ROSQUEAMENTO;GMF;8;;53,7;178,62;1
7595;MACHO M8 X 1,25MM*REF:250/2 - CEGO OSG;MACHO;ROSQUEAMENTO;GMF;8;;65,48;213,77;5
7600;MACHO M10 X 1,50MM*REF:250/2 - CEGO OSG;MACHO;ROSQUEAMENTO;GMF;8;;82,81;275,45;1
2525M16;MTENN 2525 M16;SUPORTE;TORNEAMENTO;BLACK TOOLS;0;;101;327,24;1
M5X0,8;MACHO MAQUINA M5X0,8 HELICOIDAL / CEGO DIN 371 TIN;MACHO;ROSQUEAMENTO;UNIK7;8;;12,29;44,98;1
M10X1,5;MACHO MAQUINA M10X1,5 HELICOIDAL / CEGO DIN 371 TIN;MACHO;ROSQUEAMENTO;UNIK7;8;;26,29;96,22;1
M5.OXID;MACHO MAQUINA M5X0,8 HELICOIDAL / CEGO DIN 371 OXIDADO;MACHO;ROSQUEAMENTO;UNIK7;8;;12,29;44,98;1
100.110.4510;SNMU1206ANEN-GM-GA4225;INSERTO;TORNEAMENTO;GESAC DO BRASIL;8;;19,26;70,49;60
D25AN12;SUPORTE ANKX1207 D=25 Z2 H24 L150 (MEC190);SUPORTE;TORNEAMENTO;GCTOOLS;0;;183;549;2
D32AN12;SUPORTE ANKX1207 D=32 Z3 H25 L150 (MEC190);SUPORTE;TORNEAMENTO;GCTOOLS;0;;225;675;3
D32AN16;SUPORTE ANKX1607 D=32 Z2 H25 L150 (MEC190);SUPORTE;TORNEAMENTO;GCTOOLS;0;;210;630;3
D40AN16;SUPORTE ANKX1607 D=40 Z3 FC16 L40 (MEC190);SUPORTE;TORNEAMENTO;GCTOOLS;0;;265;795;2
3929;DGN2202 Z SF425P;INSERTO;TORNEAMENTO;SOUZA FER;8;;18;55,44;25
2100000112;TPKR1603-PPR-EM UN330;INSERTO;TORNEAMENTO;UNIK7;8;;14,2;43,73;10
240B;FRESA TOROIDAL 55HRC 4C D=8MMX20X8X60 R0.5;FRESA DE TOPO;FRESAMENTO;BISSOLE;8;;82;252,56;4
207B;FRESA ESFERICA 55HRC 2C D=2MMX4X4X50;FRESA DE TOPO;FRESAMENTO;BISSOLE;8;;21;64,68;1
224B;FRESA ESFERICA 55HRC 2C D=6MMX15X6X100;FRESA DE TOPO;FRESAMENTO;BISSOLE;8;;61;187,88;2
36544;PARAFUSO TORX M4 X 10 (SNMU1206);PARAFUSO;COMPONENTES;AUDAX / TRS;10;;3,9;20;33
29777;16IRAG60 (RT16.01N-AG60PB YBG205);INSERTO;TORNEAMENTO;AUDAX / TRS;8;;19,15;70,08;10
208B;FRESA ESFERICA 55HRC 2C D=3MMX6X3X50;FRESA DE TOPO;FRESAMENTO;HEINZ TOOLS;8;;21;76,86;1
234B;FRESA TOROIDAL 55HRC 4C D=4MMX10X4X50 R0,5;FRESA DE TOPO;FRESAMENTO;BISSOLE;8;;25,5;78,54;3
100.130.0108;UP210-BH2-02004 ESFERICA 2C D=2X4X75X4;FRESA DE TOPO;FRESAMENTO;GESAC DO BRASIL;8;;38,36;140,4;16
100.130.0110;UP210-BH2-03006 ESFERICA 2C D=3X6X75X4;FRESA DE TOPO;FRESAMENTO;GESAC DO BRASIL;8;;38,36;140,4;13
402083;MACHO MAQUINA DIN 371 M8 X 1,25 SFT TIN;MACHO;ROSQUEAMENTO;HEINZ TOOLS;8;;63,04;194,18;1
402063;MACHO MAQUINA DIN 371 M6 X 1 SFT TIN;MACHO;ROSQUEAMENTO;HEINZ TOOLS;8;;41,06;126,48;1
100.110.5324;TNMG160408L-SV-GP1225;INSERTO;TORNEAMENTO;GESAC DO BRASIL;8;;13,61;49,81;20
132B;FRESA TOROIDAL 45HRC 4C D=10MMX25X10X75 R0.5;FRESA DE TOPO;FRESAMENTO;BISSOLE;8;;101;311,08;1
100.110.6362;WNMA080412-GK1115;INSERTO;TORNEAMENTO;GESAC DO BRASIL;8;;16,33;59,77;9
100.150.1293;GHD-300-3D-FC32-Q09SHB D=30 3XD QPMG09T308;BROCA;FURAÇÃO;GESAC DO BRASIL;8;;961;2882,99;1
100.110.0909;CCMT120404-GP-GP1225;INSERTO;TORNEAMENTO;GESAC DO BRASIL;8;;15,28;55,92;10
34649;CNMG120404-TM AX425P;INSERTO;TORNEAMENTO;AUDAX / TRS;8;;14,5;53,07;10
36080;SNMX1205ANN-M AX225MP;INSERTO;TORNEAMENTO;AUDAX / TRS;8;;21;76,86;20
41610;BITS HTOM QD. 5/ 8 X 6 HSS.CO UNI;INSERTO;TORNEAMENTO;HANSATECNICA;8;;131,49;437,38;1
100.110.6581;WNMG080408-GM-GP1115;INSERTO;TORNEAMENTO;GESAC DO BRASIL;8;;15,7;57,46;10
100.150.0009;GKEL2020-3T18DA - ESQ GKD 3;SUPORTE;TORNEAMENTO;GESAC DO BRASIL;0;;110,16;330,48;1
100.150.0018;GKEL2525-2T14DA - ESQ GKD 2;SUPORTE;TORNEAMENTO;GESAC DO BRASIL;0;;123,25;369,76;1
WB-1;CABECOTE MICROMETRICO;PARTES E ACESSORIOS PARA MAQUINAS;FIXAÇÃO;WBRASIL;0;;4000;4000;5
